{
  "Order": 3,
  "Description": [
    "- <yellow><bold>Ride",
    "- <red><bold>Ranged Attacks",
    "- Small <yellow><bold>Inventory <r>+ <yellow><bold>Pickup",
    "- <blue><bold>Sprint",
    "- <red><bold>Thorns",
    "- <yellow><bold>Beacon<r> (Speed)"
  ],
  "Skills": {
    "Ranged": {
      "Upgrades": {
        "2": {
          "Rate": "+35",
          "Damage": "+2",
          "Projectile": "Snowball"
        }
      }
    },
    "Backpack": {
      "Upgrades": {
        "3": {
          "drop": false,
          "rows": "+2"
        },
        "5": {
          "drop": false,
          "rows": "+1"
        }
      }
    },
    "Control": {
      "Upgrades": {
        "6": {
          "Active": true
        }
      }
    },
    "Pickup": {
      "Upgrades": {
        "4": {
          "Range": "+1",
          "Exp": false
        }
      }
    },
    "Beacon": {
      "Upgrades": {
        "10": {
          "Buffs": {
            "Regeneration": "+2",
            "WaterBreathing": true
          },
          "Duration": "+8",
          "Count": "+1",
          "Range": "+10"
        }
      }
    },
    "Thorns": {
      "Upgrades": {
        "9": {
          "Reflection": "+20",
          "Chance": "+50"
        }
      }
    },
    "Behavior": {
      "Upgrades": {
        "2": {
          "Friend": false,
          "Farm": false,
          "Duel": true,
          "Aggro": false,
          "Raid": false
        },
        "7": {
          "Friend": true,
          "Farm": false,
          "Duel": true,
          "Aggro": false,
          "Raid": false
        }
      }
    },
    "Sprint": {
      "Upgrades": {
        "8": {
          "Active": true
        }
      }
    },
    "Ride": {
      "Upgrades": {
        "1": {
          "Speed": "+5",
          "Active": true,
          "JumpHeight": "+1.25"
        },
        "10": {
          "CanFly": true
        }
      }
    }
  },
  "MobTypes": [
    "*"
  ],
  "ID": "Ride",
  "Icon": {
    "Material": "saddle",
    "Glowing": true
  },
  "Name": "Ride"
}