{
  "Order": 1,
  "Description": [
    "- <yellow><bold>Inventory",
    "- <green><bold>More HP",
    "- <yellow><bold>Pickup",
    "- <red><bold>Poison"
  ],
  "Skills": {
    "Backpack": {
      "Upgrades": {
        "1": {
          "drop": true,
          "rows": "+1"
        },
        "3": {
          "drop": false,
          "rows": "+1"
        },
        "5": {
          "drop": false,
          "rows": "+1"
        },
        "7": {
          "drop": false,
          "rows": "+1"
        },
        "10": {
          "drop": false,
          "rows": "+2"
        }
      }
    },
    "Pickup": {
      "Upgrades": {
        "6": {
          "Range": "+1",
          "Exp": false
        },
        "9": {
          "Range": "+1",
          "Exp": false
        }
      }
    },
    "Life": {
      "Upgrades": {
        "2": {
          "Health": "+1.5"
        },
        "5": {
          "Health": "+3"
        },
        "8": {
          "Health": "+5"
        }
      }
    },
    "Poison": {
      "Upgrades": {
        "4": {
          "Duration": "+3",
          "Chance": "+15"
        }
      }
    },
    "Heal": {
      "Upgrades": {
        "2": {
          "Timer": "+45",
          "Health": "+2"
        }
      }
    },
    "Behavior": {
      "Upgrades": {
        "4": {
          "Friend": false,
          "Farm": false,
          "Duel": true,
          "Aggro": false,
          "Raid": false
        }
      }
    },
    "Damage": {
      "Upgrades": {
        "4": {
          "Damage": "+1.5"
        }
      }
    }
  },
  "MobTypes": [
    "*"
  ],
  "ID": "Utility",
  "Icon": {
    "Material": "trapped_chest"
  },
  "Name": "Utility"
}