{"stats":{"minecraft:dropped":{"minecraft:gravel":2,"minecraft:iron_ingot":9,"minecraft:furnace":2,"minecraft:cooked_beef":1,"minecraft:cooked_porkchop":1,"minecraft:feather":2,"minecraft:book":3,"minecraft:granite":2,"minecraft:cooked_mutton":1,"minecraft:wooden_axe":1,"minecraft:andesite":1,"minecraft:wooden_sword":1,"minecraft:bow":1,"minecraft:arrow":3,"minecraft:wooden_pickaxe":1},"minecraft:crafted":{"minecraft:crafting_table":3,"minecraft:wooden_pickaxe":1,"minecraft:iron_helmet":1,"minecraft:furnace":1,"minecraft:birch_planks":44,"minecraft:stone_axe":1,"minecraft:cooked_mutton":4,"minecraft:shield":1,"minecraft:iron_axe":1,"minecraft:stick":72,"minecraft:iron_ingot":11,"minecraft:stone_pickaxe":1,"minecraft:wooden_axe":3,"minecraft:stone_sword":1,"minecraft:oak_button":1,"minecraft:white_bed":1,"minecraft:dark_oak_planks":36,"minecraft:torch":48},"minecraft:killed_by":{"minecraft:player":2,"minecraft:skeleton":2,"minecraft:zombie":2},"minecraft:custom":{"minecraft:interact_with_furnace":20,"minecraft:mob_kills":7,"minecraft:interact_with_crafting_table":19,"minecraft:leave_game":14,"minecraft:time_since_death":4929,"minecraft:time_since_rest":6214,"minecraft:sprint_one_cm":107636,"minecraft:damage_taken":1836,"minecraft:walk_one_cm":193887,"minecraft:drop":16,"minecraft:damage_dealt":1227,"minecraft:damage_dealt_absorbed":33,"minecraft:swim_one_cm":75650,"minecraft:fly_one_cm":174142,"minecraft:open_chest":2,"minecraft:crouch_one_cm":10119,"minecraft:play_time":100375,"minecraft:deaths":6,"minecraft:sneak_time":5490,"minecraft:walk_under_water_one_cm":14814,"minecraft:jump":1338,"minecraft:walk_on_water_one_cm":27088,"minecraft:total_world_time":100375,"minecraft:fall_one_cm":28566},"minecraft:broken":{"minecraft:iron_pickaxe":1},"minecraft:mined":{"minecraft:white_bed":1,"minecraft:dark_oak_log":10,"minecraft:crafting_table":2,"minecraft:torch":6,"minecraft:granite":2,"minecraft:short_grass":5,"minecraft:grass_block":5,"minecraft:cobblestone":7,"minecraft:oak_planks":8,"minecraft:diorite":1,"minecraft:wall_torch":10,"minecraft:cobbled_deepslate":4,"minecraft:birch_log":11,"minecraft:iron_ore":36,"minecraft:andesite":4,"minecraft:birch_leaves":10,"minecraft:bee_nest":1,"minecraft:peony":1,"minecraft:pointed_dripstone":2,"minecraft:coal_ore":29,"minecraft:gravel":5,"minecraft:sand":1,"minecraft:dirt":12,"minecraft:stone":64},"minecraft:used":{"minecraft:cooked_mutton":3,"minecraft:diorite":1,"minecraft:stone_sword":28,"minecraft:stone_pickaxe":88,"minecraft:wooden_pickaxe":36,"minecraft:rotten_flesh":1,"minecraft:salmon":1,"minecraft:torch":22,"minecraft:dirt":17,"minecraft:sand":1,"minecraft:mutton":2,"minecraft:crafting_table":5,"minecraft:carrot":1,"minecraft:white_bed":2,"minecraft:granite":5,"minecraft:wooden_axe":53,"minecraft:dark_oak_planks":5,"minecraft:dark_oak_log":1,"minecraft:iron_axe":31,"minecraft:iron_pickaxe":41,"minecraft:birch_sapling":1,"minecraft:gravel":3,"minecraft:stone_axe":36,"minecraft:cobblestone":58,"minecraft:bow":2,"minecraft:furnace":1,"minecraft:porkchop":5,"minecraft:pointed_dripstone":3},"minecraft:killed":{"minecraft:pig":1,"minecraft:salmon":1,"minecraft:bat":1,"minecraft:sheep":1,"minecraft:skeleton":1,"minecraft:zombie":1},"minecraft:picked_up":{"minecraft:wooden_axe":2,"minecraft:birch_log":11,"minecraft:iron_chestplate":2,"minecraft:crafting_table":4,"minecraft:feather":2,"minecraft:cooked_beef":1,"minecraft:andesite":7,"minecraft:salmon":1,"minecraft:wooden_pickaxe":1,"minecraft:filled_map":1,"minecraft:tuff":1,"minecraft:shield":3,"minecraft:iron_axe":2,"minecraft:dirt":17,"minecraft:wooden_sword":2,"minecraft:iron_leggings":2,"minecraft:bow":2,"minecraft:cobbled_deepslate":17,"minecraft:iron_ingot":25,"minecraft:stone_pickaxe":1,"minecraft:cooked_chicken":2,"minecraft:iron_pickaxe":2,"minecraft:iron_sword":2,"minecraft:birch_sapling":1,"minecraft:oak_planks":11,"minecraft:iron_boots":2,"minecraft:furnace":2,"minecraft:book":3,"minecraft:stick":45,"minecraft:raw_iron":44,"minecraft:cooked_porkchop":1,"minecraft:torch":14,"minecraft:gravel":23,"minecraft:porkchop":2,"minecraft:sand":1,"minecraft:pointed_dripstone":11,"minecraft:diorite":1,"minecraft:white_bed":1,"minecraft:dark_oak_log":10,"minecraft:dark_oak_planks":8,"minecraft:stone_sword":1,"minecraft:arrow":5,"minecraft:rotten_flesh":1,"minecraft:stone_axe":1,"minecraft:iron_helmet":2,"minecraft:granite":7,"minecraft:blue_dye":1,"minecraft:mutton":2,"minecraft:coal":26,"minecraft:white_wool":4,"minecraft:cobblestone":81}},"DataVersion":3955}