{"stats":{"minecraft:dropped":{"minecraft:cooked_porkchop":1},"minecraft:crafted":{"minecraft:wooden_sword":1,"minecraft:cooked_porkchop":3,"minecraft:crafting_table":1,"minecraft:stick":8,"minecraft:iron_pickaxe":1,"minecraft:iron_sword":1,"minecraft:furnace":1,"minecraft:dark_oak_planks":32,"minecraft:stone_axe":1},"minecraft:custom":{"minecraft:time_since_rest":19241,"minecraft:interact_with_furnace":3,"minecraft:sprint_one_cm":47424,"minecraft:damage_taken":130,"minecraft:walk_one_cm":22326,"minecraft:mob_kills":7,"minecraft:drop":1,"minecraft:damage_dealt":590,"minecraft:swim_one_cm":61301,"minecraft:interact_with_crafting_table":6,"minecraft:fly_one_cm":27458,"minecraft:open_chest":2,"minecraft:crouch_one_cm":88,"minecraft:play_time":19241,"minecraft:sneak_time":28,"minecraft:walk_under_water_one_cm":1215,"minecraft:jump":146,"minecraft:leave_game":1,"minecraft:walk_on_water_one_cm":54962,"minecraft:time_since_death":19241,"minecraft:total_world_time":19241,"minecraft:fall_one_cm":2693},"minecraft:used":{"minecraft:iron_pickaxe":15,"minecraft:iron_sword":7,"minecraft:stone_axe":1,"minecraft:wooden_sword":10,"minecraft:crafting_table":3,"minecraft:furnace":2,"minecraft:cooked_porkchop":1},"minecraft:mined":{"minecraft:furnace":1,"minecraft:dark_oak_log":23,"minecraft:crafting_table":3,"minecraft:grass_block":3,"minecraft:dirt":7,"minecraft:stone":14},"minecraft:killed":{"minecraft:pig":4,"minecraft:chicken":2,"minecraft:cow":1},"minecraft:picked_up":{"minecraft:crafting_table":3,"minecraft:feather":2,"minecraft:chicken":2,"minecraft:porkchop":13,"minecraft:dirt":10,"minecraft:dark_oak_log":23,"minecraft:dark_oak_planks":19,"minecraft:beef":2,"minecraft:cobblestone":14,"minecraft:furnace":1}},"DataVersion":3955}