{"stats":{"minecraft:dropped":{"minecraft:gravel":2,"minecraft:iron_ingot":9,"minecraft:furnace":2,"minecraft:cooked_beef":1,"minecraft:cooked_porkchop":1,"minecraft:feather":2,"minecraft:book":3,"minecraft:granite":2,"minecraft:cooked_mutton":1,"minecraft:wooden_axe":1,"minecraft:andesite":1,"minecraft:wooden_sword":1,"minecraft:bow":1,"minecraft:arrow":3,"minecraft:wooden_pickaxe":1},"minecraft:killed_by":{"minecraft:skeleton":2,"minecraft:zombie":2},"minecraft:crafted":{"minecraft:crafting_table":3,"minecraft:wooden_pickaxe":1,"minecraft:iron_helmet":1,"minecraft:furnace":1,"minecraft:birch_planks":44,"minecraft:stone_axe":1,"minecraft:cooked_mutton":4,"minecraft:shield":1,"minecraft:iron_axe":1,"minecraft:stick":72,"minecraft:iron_ingot":11,"minecraft:stone_pickaxe":1,"minecraft:wooden_axe":3,"minecraft:stone_sword":1,"minecraft:white_bed":1,"minecraft:dark_oak_planks":36,"minecraft:torch":48},"minecraft:custom":{"minecraft:interact_with_furnace":20,"minecraft:mob_kills":7,"minecraft:interact_with_crafting_table":19,"minecraft:leave_game":12,"minecraft:time_since_death":3012,"minecraft:time_since_rest":3137,"minecraft:sprint_one_cm":91022,"minecraft:damage_taken":1284,"minecraft:walk_one_cm":163542,"minecraft:drop":16,"minecraft:damage_dealt":1115,"minecraft:swim_one_cm":75650,"minecraft:fly_one_cm":157626,"minecraft:crouch_one_cm":7996,"minecraft:play_time":79508,"minecraft:deaths":4,"minecraft:sneak_time":4508,"minecraft:walk_under_water_one_cm":14814,"minecraft:jump":1169,"minecraft:walk_on_water_one_cm":26832,"minecraft:total_world_time":79508,"minecraft:fall_one_cm":23135},"minecraft:mined":{"minecraft:white_bed":1,"minecraft:dark_oak_log":10,"minecraft:crafting_table":2,"minecraft:torch":2,"minecraft:granite":2,"minecraft:short_grass":5,"minecraft:grass_block":5,"minecraft:cobblestone":2,"minecraft:oak_planks":8,"minecraft:diorite":1,"minecraft:wall_torch":8,"minecraft:birch_log":11,"minecraft:iron_ore":36,"minecraft:andesite":1,"minecraft:birch_leaves":10,"minecraft:bee_nest":1,"minecraft:peony":1,"minecraft:pointed_dripstone":2,"minecraft:coal_ore":29,"minecraft:gravel":2,"minecraft:sand":1,"minecraft:dirt":12,"minecraft:stone":44},"minecraft:used":{"minecraft:cooked_mutton":3,"minecraft:diorite":1,"minecraft:stone_sword":28,"minecraft:stone_pickaxe":88,"minecraft:wooden_pickaxe":36,"minecraft:rotten_flesh":1,"minecraft:salmon":1,"minecraft:torch":17,"minecraft:dirt":17,"minecraft:sand":1,"minecraft:mutton":2,"minecraft:crafting_table":5,"minecraft:white_bed":1,"minecraft:wooden_axe":53,"minecraft:dark_oak_planks":5,"minecraft:dark_oak_log":1,"minecraft:birch_sapling":1,"minecraft:stone_axe":36,"minecraft:cobblestone":29,"minecraft:bow":2,"minecraft:furnace":1,"minecraft:porkchop":4,"minecraft:pointed_dripstone":3},"minecraft:killed":{"minecraft:pig":1,"minecraft:salmon":1,"minecraft:bat":1,"minecraft:sheep":1,"minecraft:skeleton":1,"minecraft:zombie":1},"minecraft:picked_up":{"minecraft:wooden_axe":2,"minecraft:birch_log":11,"minecraft:crafting_table":4,"minecraft:feather":2,"minecraft:cooked_beef":1,"minecraft:andesite":1,"minecraft:salmon":1,"minecraft:wooden_pickaxe":1,"minecraft:filled_map":1,"minecraft:shield":1,"minecraft:dirt":17,"minecraft:wooden_sword":2,"minecraft:bow":2,"minecraft:cobbled_deepslate":7,"minecraft:iron_ingot":9,"minecraft:stone_pickaxe":1,"minecraft:cooked_chicken":2,"minecraft:birch_sapling":1,"minecraft:oak_planks":8,"minecraft:furnace":2,"minecraft:book":3,"minecraft:stick":45,"minecraft:raw_iron":44,"minecraft:cooked_porkchop":1,"minecraft:torch":9,"minecraft:gravel":2,"minecraft:porkchop":2,"minecraft:sand":1,"minecraft:pointed_dripstone":3,"minecraft:diorite":1,"minecraft:white_bed":1,"minecraft:dark_oak_log":10,"minecraft:dark_oak_planks":8,"minecraft:stone_sword":1,"minecraft:arrow":5,"minecraft:rotten_flesh":1,"minecraft:stone_axe":1,"minecraft:granite":2,"minecraft:blue_dye":1,"minecraft:mutton":2,"minecraft:coal":26,"minecraft:white_wool":4,"minecraft:cobblestone":51}},"DataVersion":3955}