{"stats":{"minecraft:dropped":{"minecraft:iron_ingot":8,"minecraft:furnace":2,"minecraft:stone_axe":1,"minecraft:emerald_block":1,"minecraft:cooked_chicken":2,"minecraft:cooked_beef":1,"minecraft:stone_sword":1,"minecraft:crafting_table":2,"minecraft:cooked_porkchop":1,"minecraft:feather":2,"minecraft:cobblestone":2,"minecraft:book":3,"minecraft:stick":42,"minecraft:filled_map":1,"minecraft:blue_dye":1,"minecraft:shield":1,"minecraft:wooden_axe":1,"minecraft:wooden_sword":1,"minecraft:arrow":3,"minecraft:bow":1,"minecraft:stone_pickaxe":1,"minecraft:wooden_pickaxe":1,"minecraft:dark_oak_planks":20,"minecraft:white_wool":3},"minecraft:crafted":{"minecraft:cooked_beef":2,"minecraft:wooden_sword":1,"minecraft:cooked_porkchop":3,"minecraft:crafting_table":2,"minecraft:iron_sword":1,"minecraft:furnace":1,"minecraft:blue_bed":1,"minecraft:stone_axe":1,"minecraft:cooked_mutton":7,"minecraft:blue_dye":2,"minecraft:iron_boots":1,"minecraft:iron_chestplate":1,"minecraft:emerald_block":1,"minecraft:shield":1,"minecraft:stick":24,"minecraft:iron_ingot":19,"minecraft:iron_pickaxe":1,"minecraft:iron_leggings":1,"minecraft:white_bed":1,"minecraft:torch":92,"minecraft:dark_oak_planks":48},"minecraft:custom":{"minecraft:interact_with_furnace":38,"minecraft:mob_kills":19,"minecraft:interact_with_crafting_table":16,"minecraft:leave_game":1,"minecraft:time_since_death":73241,"minecraft:time_since_rest":73241,"minecraft:sprint_one_cm":237884,"minecraft:damage_taken":713,"minecraft:walk_one_cm":122454,"minecraft:damage_blocked_by_shield":60,"minecraft:drop":28,"minecraft:damage_dealt":2259,"minecraft:swim_one_cm":75976,"minecraft:fly_one_cm":133802,"minecraft:open_chest":2,"minecraft:crouch_one_cm":8465,"minecraft:play_time":73241,"minecraft:sneak_time":2929,"minecraft:walk_under_water_one_cm":15511,"minecraft:jump":1132,"minecraft:walk_on_water_one_cm":76766,"minecraft:total_world_time":73241,"minecraft:fall_one_cm":29923},"minecraft:mined":{"minecraft:dark_oak_log":23,"minecraft:crafting_table":7,"minecraft:granite":11,"minecraft:grass_block":8,"minecraft:copper_ore":9,"minecraft:cobblestone":4,"minecraft:lapis_ore":8,"minecraft:diorite":2,"minecraft:wall_torch":2,"minecraft:furnace":12,"minecraft:iron_ore":29,"minecraft:birch_leaves":8,"minecraft:coal_ore":35,"minecraft:dripstone_block":3,"minecraft:dirt":11,"minecraft:stone":63,"minecraft:emerald_block":1},"minecraft:used":{"minecraft:cooked_mutton":6,"minecraft:diorite":2,"minecraft:shield":2,"minecraft:iron_sword":71,"minecraft:rotten_flesh":2,"minecraft:iron_chestplate":1,"minecraft:torch":86,"minecraft:dirt":16,"minecraft:crafting_table":7,"minecraft:dripstone_block":3,"minecraft:granite":5,"minecraft:iron_pickaxe":183,"minecraft:iron_boots":1,"minecraft:stone_axe":8,"minecraft:wooden_sword":10,"minecraft:cobblestone":22,"minecraft:emerald_block":1,"minecraft:furnace":11,"minecraft:cooked_porkchop":3,"minecraft:cooked_beef":2,"minecraft:iron_leggings":1},"minecraft:killed":{"minecraft:pig":4,"minecraft:zombie_villager":1,"minecraft:sheep":7,"minecraft:skeleton":2,"minecraft:zombie":2,"minecraft:chicken":2,"minecraft:cow":1},"minecraft:picked_up":{"minecraft:wooden_axe":1,"minecraft:crafting_table":7,"minecraft:feather":4,"minecraft:cooked_beef":1,"minecraft:chicken":2,"minecraft:wooden_pickaxe":1,"minecraft:filled_map":1,"minecraft:shield":1,"minecraft:lapis_lazuli":51,"minecraft:dirt":19,"minecraft:raw_copper":32,"minecraft:bow":1,"minecraft:stone_pickaxe":1,"minecraft:iron_ingot":11,"minecraft:beef":2,"minecraft:cooked_chicken":2,"minecraft:furnace":14,"minecraft:book":3,"minecraft:stick":48,"minecraft:raw_iron":43,"minecraft:emerald_block":2,"minecraft:cooked_porkchop":1,"minecraft:torch":7,"minecraft:dripstone_block":3,"minecraft:porkchop":14,"minecraft:diorite":2,"minecraft:dark_oak_log":23,"minecraft:dark_oak_planks":49,"minecraft:stone_sword":1,"minecraft:arrow":3,"minecraft:rotten_flesh":2,"minecraft:stone_axe":1,"minecraft:granite":10,"minecraft:black_wool":1,"minecraft:mutton":11,"minecraft:coal":75,"minecraft:white_wool":6,"minecraft:cobblestone":58}},"DataVersion":3955}