{"stats":{"minecraft:crafted":{"minecraft:dark_oak_planks":36,"minecraft:crafting_table":2,"minecraft:stick":16,"minecraft:wooden_axe":2},"minecraft:killed_by":{"minecraft:skeleton":1,"minecraft:zombie":1},"minecraft:custom":{"minecraft:time_since_rest":2509,"minecraft:crouch_one_cm":1017,"minecraft:play_time":13158,"minecraft:sprint_one_cm":35313,"minecraft:deaths":2,"minecraft:damage_taken":563,"minecraft:walk_one_cm":20270,"minecraft:sneak_time":686,"minecraft:walk_under_water_one_cm":5238,"minecraft:mob_kills":1,"minecraft:jump":291,"minecraft:damage_dealt":515,"minecraft:leave_game":3,"minecraft:walk_on_water_one_cm":4171,"minecraft:time_since_death":2442,"minecraft:total_world_time":13158,"minecraft:swim_one_cm":17883,"minecraft:interact_with_crafting_table":6,"minecraft:fall_one_cm":5996,"minecraft:fly_one_cm":77344},"minecraft:mined":{"minecraft:dark_oak_log":10,"minecraft:oak_planks":7,"minecraft:crafting_table":1},"minecraft:used":{"minecraft:wooden_axe":40,"minecraft:dark_oak_log":1,"minecraft:crafting_table":2},"minecraft:picked_up":{"minecraft:crafting_table":1,"minecraft:dark_oak_log":10,"minecraft:oak_planks":7}},"DataVersion":3955}