{"stats":{"minecraft:crafted":{"minecraft:wooden_sword":1,"minecraft:dark_oak_planks":32,"minecraft:crafting_table":1,"minecraft:stick":8},"minecraft:custom":{"minecraft:open_chest":1,"minecraft:time_since_rest":7241,"minecraft:play_time":7241,"minecraft:sprint_one_cm":19110,"minecraft:damage_taken":70,"minecraft:walk_one_cm":9379,"minecraft:walk_under_water_one_cm":383,"minecraft:mob_kills":4,"minecraft:jump":50,"minecraft:damage_dealt":410,"minecraft:leave_game":1,"minecraft:time_since_death":7241,"minecraft:walk_on_water_one_cm":4695,"minecraft:total_world_time":7241,"minecraft:swim_one_cm":18693,"minecraft:interact_with_crafting_table":1,"minecraft:fall_one_cm":1590,"minecraft:fly_one_cm":11674},"minecraft:mined":{"minecraft:dark_oak_log":23,"minecraft:crafting_table":1},"minecraft:used":{"minecraft:wooden_sword":10,"minecraft:crafting_table":1},"minecraft:killed":{"minecraft:pig":4},"minecraft:picked_up":{"minecraft:crafting_table":1,"minecraft:porkchop":8,"minecraft:dark_oak_log":23}},"DataVersion":3955}