{"stats":{"minecraft:dropped":{"minecraft:iron_ingot":8,"minecraft:furnace":2,"minecraft:stone_axe":1,"minecraft:emerald_block":1,"minecraft:cooked_chicken":2,"minecraft:cooked_beef":1,"minecraft:stone_sword":1,"minecraft:crafting_table":2,"minecraft:cooked_porkchop":1,"minecraft:raw_iron":10,"minecraft:feather":2,"minecraft:cobblestone":2,"minecraft:book":3,"minecraft:stick":42,"minecraft:filled_map":1,"minecraft:blue_dye":1,"minecraft:shield":1,"minecraft:wooden_axe":1,"minecraft:wooden_sword":1,"minecraft:arrow":3,"minecraft:bow":1,"minecraft:stone_pickaxe":1,"minecraft:wooden_pickaxe":1,"minecraft:dark_oak_planks":20,"minecraft:white_wool":3},"minecraft:crafted":{"minecraft:cooked_beef":2,"minecraft:wooden_sword":1,"minecraft:cooked_porkchop":3,"minecraft:crafting_table":3,"minecraft:iron_sword":1,"minecraft:furnace":1,"minecraft:blue_bed":1,"minecraft:stone_axe":1,"minecraft:cooked_mutton":7,"minecraft:blue_dye":2,"minecraft:iron_boots":1,"minecraft:iron_chestplate":1,"minecraft:emerald_block":1,"minecraft:shield":1,"minecraft:stick":40,"minecraft:iron_ingot":20,"minecraft:iron_pickaxe":2,"minecraft:iron_leggings":1,"minecraft:white_bed":1,"minecraft:torch":124,"minecraft:dark_oak_planks":56},"minecraft:custom":{"minecraft:interact_with_furnace":40,"minecraft:mob_kills":19,"minecraft:interact_with_crafting_table":17,"minecraft:leave_game":1,"minecraft:time_since_death":85241,"minecraft:time_since_rest":85241,"minecraft:sprint_one_cm":301352,"minecraft:damage_taken":843,"minecraft:walk_one_cm":145678,"minecraft:damage_blocked_by_shield":60,"minecraft:drop":29,"minecraft:damage_dealt":2259,"minecraft:swim_one_cm":75976,"minecraft:fly_one_cm":147854,"minecraft:open_chest":2,"minecraft:crouch_one_cm":8465,"minecraft:play_time":85241,"minecraft:sneak_time":2929,"minecraft:walk_under_water_one_cm":15511,"minecraft:jump":1301,"minecraft:walk_on_water_one_cm":77062,"minecraft:total_world_time":85241,"minecraft:fall_one_cm":35464},"minecraft:mined":{"minecraft:dark_oak_log":23,"minecraft:oak_fence":2,"minecraft:crafting_table":7,"minecraft:granite":11,"minecraft:grass_block":8,"minecraft:copper_ore":9,"minecraft:cobblestone":4,"minecraft:lapis_ore":8,"minecraft:oak_planks":2,"minecraft:diorite":3,"minecraft:wall_torch":2,"minecraft:furnace":12,"minecraft:iron_ore":30,"minecraft:andesite":5,"minecraft:birch_leaves":8,"minecraft:pointed_dripstone":11,"minecraft:coal_ore":42,"minecraft:dripstone_block":6,"minecraft:dirt":11,"minecraft:stone":66,"minecraft:emerald_block":1},"minecraft:used":{"minecraft:cooked_mutton":8,"minecraft:diorite":2,"minecraft:shield":2,"minecraft:iron_sword":71,"minecraft:rotten_flesh":2,"minecraft:iron_chestplate":1,"minecraft:torch":116,"minecraft:dirt":16,"minecraft:crafting_table":8,"minecraft:dripstone_block":4,"minecraft:granite":10,"minecraft:dark_oak_planks":1,"minecraft:iron_pickaxe":214,"minecraft:iron_boots":1,"minecraft:stone_axe":12,"minecraft:wooden_sword":10,"minecraft:cobblestone":22,"minecraft:emerald_block":1,"minecraft:furnace":12,"minecraft:cooked_porkchop":3,"minecraft:cooked_beef":2,"minecraft:iron_leggings":1},"minecraft:killed":{"minecraft:pig":4,"minecraft:zombie_villager":1,"minecraft:sheep":7,"minecraft:skeleton":2,"minecraft:zombie":2,"minecraft:chicken":2,"minecraft:cow":1},"minecraft:picked_up":{"minecraft:wooden_axe":1,"minecraft:crafting_table":7,"minecraft:feather":4,"minecraft:cooked_beef":1,"minecraft:chicken":2,"minecraft:andesite":5,"minecraft:wooden_pickaxe":1,"minecraft:filled_map":1,"minecraft:shield":1,"minecraft:lapis_lazuli":51,"minecraft:dirt":19,"minecraft:raw_copper":32,"minecraft:cooked_mutton":1,"minecraft:bow":1,"minecraft:stone_pickaxe":1,"minecraft:iron_ingot":11,"minecraft:beef":2,"minecraft:cooked_chicken":2,"minecraft:oak_planks":2,"minecraft:furnace":14,"minecraft:book":3,"minecraft:stick":48,"minecraft:raw_iron":46,"minecraft:emerald_block":2,"minecraft:cooked_porkchop":1,"minecraft:oak_fence":2,"minecraft:torch":7,"minecraft:dripstone_block":4,"minecraft:porkchop":14,"minecraft:pointed_dripstone":13,"minecraft:diorite":3,"minecraft:dark_oak_log":23,"minecraft:dark_oak_planks":49,"minecraft:stone_sword":1,"minecraft:arrow":3,"minecraft:rotten_flesh":2,"minecraft:stone_axe":1,"minecraft:granite":10,"minecraft:rail":1,"minecraft:black_wool":1,"minecraft:mutton":11,"minecraft:coal":83,"minecraft:white_wool":6,"minecraft:cobblestone":61}},"DataVersion":3955}