{"stats":{"minecraft:dropped":{"minecraft:iron_ingot":3,"minecraft:furnace":2,"minecraft:cooked_beef":1,"minecraft:cooked_porkchop":1,"minecraft:feather":2,"minecraft:book":3},"minecraft:killed_by":{"minecraft:skeleton":2,"minecraft:zombie":1},"minecraft:crafted":{"minecraft:crafting_table":3,"minecraft:wooden_pickaxe":1,"minecraft:furnace":1,"minecraft:birch_planks":44,"minecraft:stone_axe":1,"minecraft:cooked_mutton":4,"minecraft:shield":1,"minecraft:stick":72,"minecraft:iron_ingot":3,"minecraft:stone_pickaxe":1,"minecraft:wooden_axe":3,"minecraft:stone_sword":1,"minecraft:dark_oak_planks":36},"minecraft:custom":{"minecraft:interact_with_furnace":13,"minecraft:mob_kills":6,"minecraft:interact_with_crafting_table":16,"minecraft:leave_game":5,"minecraft:time_since_death":11564,"minecraft:time_since_rest":11673,"minecraft:sprint_one_cm":78440,"minecraft:damage_taken":1029,"minecraft:walk_one_cm":75660,"minecraft:drop":6,"minecraft:damage_dealt":974,"minecraft:swim_one_cm":61563,"minecraft:fly_one_cm":144595,"minecraft:crouch_one_cm":7159,"minecraft:play_time":47430,"minecraft:deaths":3,"minecraft:sneak_time":3687,"minecraft:walk_under_water_one_cm":10965,"minecraft:jump":750,"minecraft:walk_on_water_one_cm":15743,"minecraft:total_world_time":47430,"minecraft:fall_one_cm":14097},"minecraft:mined":{"minecraft:dark_oak_log":10,"minecraft:crafting_table":2,"minecraft:torch":1,"minecraft:short_grass":5,"minecraft:grass_block":4,"minecraft:cobblestone":2,"minecraft:oak_planks":7,"minecraft:wall_torch":5,"minecraft:birch_log":11,"minecraft:iron_ore":3,"minecraft:birch_leaves":10,"minecraft:bee_nest":1,"minecraft:peony":1,"minecraft:coal_ore":9,"minecraft:sand":1,"minecraft:dirt":11,"minecraft:stone":37},"minecraft:used":{"minecraft:cooked_mutton":1,"minecraft:stone_sword":20,"minecraft:stone_pickaxe":19,"minecraft:wooden_pickaxe":36,"minecraft:rotten_flesh":1,"minecraft:torch":2,"minecraft:dirt":15,"minecraft:sand":1,"minecraft:mutton":2,"minecraft:crafting_table":4,"minecraft:wooden_axe":53,"minecraft:dark_oak_log":1,"minecraft:birch_sapling":1,"minecraft:stone_axe":26,"minecraft:cobblestone":23,"minecraft:bow":2,"minecraft:furnace":1,"minecraft:porkchop":4},"minecraft:killed":{"minecraft:salmon":1,"minecraft:bat":1,"minecraft:skeleton":1,"minecraft:sheep":1,"minecraft:zombie":1},"minecraft:picked_up":{"minecraft:wooden_axe":1,"minecraft:birch_log":11,"minecraft:crafting_table":4,"minecraft:feather":2,"minecraft:cooked_beef":1,"minecraft:salmon":1,"minecraft:wooden_pickaxe":1,"minecraft:filled_map":1,"minecraft:shield":1,"minecraft:dirt":15,"minecraft:wooden_sword":1,"minecraft:bow":2,"minecraft:iron_ingot":3,"minecraft:stone_pickaxe":1,"minecraft:cooked_chicken":2,"minecraft:birch_sapling":1,"minecraft:oak_planks":7,"minecraft:furnace":2,"minecraft:book":3,"minecraft:stick":43,"minecraft:raw_iron":3,"minecraft:cooked_porkchop":1,"minecraft:torch":6,"minecraft:sand":1,"minecraft:dark_oak_log":10,"minecraft:stone_sword":1,"minecraft:arrow":5,"minecraft:rotten_flesh":1,"minecraft:stone_axe":1,"minecraft:mutton":2,"minecraft:coal":7,"minecraft:white_wool":1,"minecraft:cobblestone":43}},"DataVersion":3955}