{"stats":{"minecraft:custom":{"minecraft:jump":39,"minecraft:time_since_rest":9255,"minecraft:damage_taken":60,"minecraft:damage_dealt":98,"minecraft:crouch_one_cm":212,"minecraft:leave_game":2,"minecraft:sprint_one_cm":4353,"minecraft:play_time":9255,"minecraft:time_since_death":9255,"minecraft:walk_on_water_one_cm":438,"minecraft:walk_one_cm":12815,"minecraft:sneak_time":478,"minecraft:total_world_time":9255,"minecraft:walk_under_water_one_cm":646,"minecraft:fall_one_cm":1196,"minecraft:fly_one_cm":1589},"minecraft:mined":{"minecraft:sand":13},"minecraft:used":{"minecraft:sand":13},"minecraft:picked_up":{"minecraft:sand":13}},"DataVersion":3955}