{"stats":{"minecraft:dropped":{"minecraft:iron_ingot":8,"minecraft:furnace":2,"minecraft:stone_axe":1,"minecraft:emerald_block":1,"minecraft:porkchop":1,"minecraft:cooked_chicken":2,"minecraft:cooked_beef":1,"minecraft:stone_sword":1,"minecraft:crafting_table":2,"minecraft:cooked_porkchop":1,"minecraft:pointed_dripstone":37,"minecraft:raw_iron":10,"minecraft:feather":2,"minecraft:cobblestone":2,"minecraft:book":3,"minecraft:stick":42,"minecraft:filled_map":1,"minecraft:blue_dye":2,"minecraft:shield":1,"minecraft:wooden_axe":1,"minecraft:wooden_sword":1,"minecraft:arrow":3,"minecraft:bow":1,"minecraft:stone_pickaxe":1,"minecraft:wooden_pickaxe":2,"minecraft:dark_oak_planks":20,"minecraft:white_wool":3},"minecraft:crafted":{"minecraft:cooked_beef":2,"minecraft:wooden_sword":1,"minecraft:diamond_sword":1,"minecraft:cooked_porkchop":3,"minecraft:crafting_table":3,"minecraft:iron_sword":1,"minecraft:furnace":1,"minecraft:blue_bed":1,"minecraft:stone_axe":1,"minecraft:cooked_mutton":7,"minecraft:blue_dye":2,"minecraft:diamond_helmet":1,"minecraft:diamond_leggings":1,"minecraft:iron_boots":1,"minecraft:iron_chestplate":1,"minecraft:diamond_pickaxe":1,"minecraft:emerald_block":1,"minecraft:shield":1,"minecraft:stick":40,"minecraft:iron_ingot":20,"minecraft:iron_pickaxe":2,"minecraft:diamond_boots":1,"minecraft:chest":2,"minecraft:iron_leggings":1,"minecraft:white_bed":1,"minecraft:torch":124,"minecraft:dark_oak_planks":72,"minecraft:diamond_chestplate":1},"minecraft:custom":{"minecraft:interact_with_furnace":47,"minecraft:mob_kills":20,"minecraft:interact_with_crafting_table":24,"minecraft:leave_game":1,"minecraft:time_since_death":97241,"minecraft:time_since_rest":97241,"minecraft:sprint_one_cm":317843,"minecraft:damage_taken":960,"minecraft:walk_one_cm":162058,"minecraft:damage_blocked_by_shield":276,"minecraft:drop":35,"minecraft:damage_dealt":2703,"minecraft:swim_one_cm":75976,"minecraft:fly_one_cm":153860,"minecraft:open_chest":10,"minecraft:crouch_one_cm":9864,"minecraft:play_time":97241,"minecraft:sneak_time":6788,"minecraft:walk_under_water_one_cm":15511,"minecraft:jump":1369,"minecraft:walk_on_water_one_cm":77198,"minecraft:total_world_time":97241,"minecraft:fall_one_cm":36914},"minecraft:mined":{"minecraft:dark_oak_log":23,"minecraft:oak_fence":2,"minecraft:crafting_table":7,"minecraft:granite":11,"minecraft:grass_block":8,"minecraft:copper_ore":9,"minecraft:cobblestone":4,"minecraft:lapis_ore":8,"minecraft:oak_planks":2,"minecraft:diorite":3,"minecraft:wall_torch":3,"minecraft:furnace":12,"minecraft:iron_ore":36,"minecraft:andesite":6,"minecraft:birch_leaves":8,"minecraft:pointed_dripstone":12,"minecraft:coal_ore":42,"minecraft:dripstone_block":6,"minecraft:dirt":11,"minecraft:stone":77,"minecraft:emerald_block":1},"minecraft:used":{"minecraft:cooked_mutton":8,"minecraft:diorite":2,"minecraft:chest":2,"minecraft:shield":12,"minecraft:iron_sword":79,"minecraft:blue_bed":1,"minecraft:cooked_chicken":4,"minecraft:rotten_flesh":2,"minecraft:iron_chestplate":1,"minecraft:torch":119,"minecraft:dirt":16,"minecraft:crafting_table":10,"minecraft:dripstone_block":4,"minecraft:granite":10,"minecraft:dark_oak_planks":1,"minecraft:diamond_pickaxe":11,"minecraft:iron_pickaxe":223,"minecraft:iron_boots":1,"minecraft:diamond_sword":10,"minecraft:stone_axe":12,"minecraft:wooden_sword":10,"minecraft:cobblestone":22,"minecraft:emerald_block":1,"minecraft:furnace":13,"minecraft:cooked_porkchop":3,"minecraft:andesite":6,"minecraft:cooked_beef":2,"minecraft:pointed_dripstone":1,"minecraft:iron_leggings":1},"minecraft:killed":{"minecraft:pig":4,"minecraft:zombie_villager":1,"minecraft:sheep":7,"minecraft:skeleton":2,"minecraft:zombie":3,"minecraft:chicken":2,"minecraft:cow":1},"minecraft:picked_up":{"minecraft:wooden_axe":2,"minecraft:crafting_table":9,"minecraft:feather":4,"minecraft:cooked_beef":1,"minecraft:chicken":2,"minecraft:andesite":7,"minecraft:wooden_pickaxe":3,"minecraft:filled_map":1,"minecraft:shield":2,"minecraft:wooden_sword":1,"minecraft:lapis_lazuli":51,"minecraft:dirt":27,"minecraft:iron_axe":1,"minecraft:raw_copper":32,"minecraft:cooked_mutton":1,"minecraft:bow":1,"minecraft:cobbled_deepslate":8,"minecraft:stone_pickaxe":1,"minecraft:iron_ingot":29,"minecraft:beef":2,"minecraft:cooked_chicken":6,"minecraft:oak_planks":3,"minecraft:furnace":14,"minecraft:book":3,"minecraft:stick":78,"minecraft:raw_iron":51,"minecraft:emerald_block":2,"minecraft:cooked_porkchop":1,"minecraft:oak_fence":2,"minecraft:torch":47,"minecraft:dripstone_block":4,"minecraft:porkchop":15,"minecraft:pointed_dripstone":50,"minecraft:diorite":4,"minecraft:carrot":1,"minecraft:dark_oak_log":23,"minecraft:spider_eye":1,"minecraft:dark_oak_planks":49,"minecraft:diamond":14,"minecraft:stone_sword":2,"minecraft:arrow":3,"minecraft:rotten_flesh":5,"minecraft:stone_axe":2,"minecraft:iron_helmet":1,"minecraft:blue_dye":1,"minecraft:granite":10,"minecraft:golden_apple":1,"minecraft:rail":1,"minecraft:black_wool":1,"minecraft:mutton":11,"minecraft:coal":87,"minecraft:white_wool":6,"minecraft:cobblestone":75}},"DataVersion":3955}