{"stats":{"minecraft:dropped":{"minecraft:furnace":2,"minecraft:stone_axe":1,"minecraft:emerald_block":1,"minecraft:cooked_chicken":2,"minecraft:cooked_beef":1,"minecraft:stone_sword":1,"minecraft:crafting_table":2,"minecraft:cooked_porkchop":1,"minecraft:feather":2,"minecraft:cobblestone":2,"minecraft:book":3,"minecraft:stick":42,"minecraft:filled_map":1,"minecraft:shield":1,"minecraft:wooden_axe":1,"minecraft:wooden_sword":1,"minecraft:arrow":3,"minecraft:bow":1,"minecraft:stone_pickaxe":1,"minecraft:wooden_pickaxe":1},"minecraft:crafted":{"minecraft:cooked_beef":2,"minecraft:wooden_sword":1,"minecraft:cooked_porkchop":3,"minecraft:crafting_table":1,"minecraft:iron_sword":1,"minecraft:furnace":1,"minecraft:stone_axe":1,"minecraft:cooked_mutton":3,"minecraft:emerald_block":1,"minecraft:shield":1,"minecraft:stick":8,"minecraft:iron_ingot":3,"minecraft:iron_pickaxe":1,"minecraft:torch":32,"minecraft:dark_oak_planks":32},"minecraft:custom":{"minecraft:interact_with_furnace":15,"minecraft:mob_kills":14,"minecraft:interact_with_crafting_table":10,"minecraft:leave_game":1,"minecraft:time_since_death":49241,"minecraft:time_since_rest":49241,"minecraft:sprint_one_cm":138384,"minecraft:damage_taken":522,"minecraft:walk_one_cm":81682,"minecraft:damage_blocked_by_shield":30,"minecraft:drop":20,"minecraft:damage_dealt":1651,"minecraft:swim_one_cm":73651,"minecraft:fly_one_cm":95751,"minecraft:open_chest":2,"minecraft:crouch_one_cm":7689,"minecraft:play_time":49241,"minecraft:sneak_time":2500,"minecraft:walk_under_water_one_cm":11068,"minecraft:jump":724,"minecraft:walk_on_water_one_cm":68497,"minecraft:total_world_time":49241,"minecraft:fall_one_cm":16654},"minecraft:mined":{"minecraft:dark_oak_log":23,"minecraft:crafting_table":6,"minecraft:granite":5,"minecraft:grass_block":6,"minecraft:copper_ore":9,"minecraft:cobblestone":4,"minecraft:diorite":2,"minecraft:wall_torch":2,"minecraft:furnace":6,"minecraft:iron_ore":8,"minecraft:birch_leaves":8,"minecraft:coal_ore":20,"minecraft:dirt":10,"minecraft:stone":31,"minecraft:emerald_block":1},"minecraft:used":{"minecraft:cooked_mutton":2,"minecraft:diorite":2,"minecraft:shield":1,"minecraft:iron_sword":46,"minecraft:rotten_flesh":2,"minecraft:torch":24,"minecraft:dirt":16,"minecraft:crafting_table":5,"minecraft:granite":5,"minecraft:iron_pickaxe":89,"minecraft:stone_axe":4,"minecraft:wooden_sword":10,"minecraft:cobblestone":17,"minecraft:emerald_block":1,"minecraft:furnace":5,"minecraft:cooked_porkchop":3,"minecraft:cooked_beef":2},"minecraft:killed":{"minecraft:pig":4,"minecraft:sheep":4,"minecraft:skeleton":1,"minecraft:zombie":2,"minecraft:chicken":2,"minecraft:cow":1},"minecraft:picked_up":{"minecraft:wooden_axe":1,"minecraft:crafting_table":6,"minecraft:feather":4,"minecraft:cooked_beef":1,"minecraft:chicken":2,"minecraft:wooden_pickaxe":1,"minecraft:filled_map":1,"minecraft:shield":1,"minecraft:dirt":16,"minecraft:raw_copper":32,"minecraft:bow":1,"minecraft:stone_pickaxe":1,"minecraft:iron_ingot":2,"minecraft:beef":2,"minecraft:cooked_chicken":2,"minecraft:furnace":8,"minecraft:book":3,"minecraft:stick":48,"minecraft:raw_iron":8,"minecraft:emerald_block":2,"minecraft:cooked_porkchop":1,"minecraft:torch":6,"minecraft:porkchop":14,"minecraft:diorite":2,"minecraft:dark_oak_log":23,"minecraft:dark_oak_planks":37,"minecraft:stone_sword":1,"minecraft:arrow":3,"minecraft:rotten_flesh":2,"minecraft:stone_axe":1,"minecraft:granite":5,"minecraft:black_wool":1,"minecraft:mutton":7,"minecraft:coal":44,"minecraft:white_wool":3,"minecraft:cobblestone":30}},"DataVersion":3955}