{"stats":{"minecraft:dropped":{"minecraft:iron_ingot":8,"minecraft:furnace":2,"minecraft:stone_axe":1,"minecraft:emerald_block":1,"minecraft:cooked_chicken":2,"minecraft:cooked_beef":1,"minecraft:stone_sword":1,"minecraft:crafting_table":2,"minecraft:cooked_porkchop":1,"minecraft:feather":2,"minecraft:cobblestone":2,"minecraft:book":3,"minecraft:stick":42,"minecraft:filled_map":1,"minecraft:shield":1,"minecraft:wooden_axe":1,"minecraft:wooden_sword":1,"minecraft:arrow":3,"minecraft:bow":1,"minecraft:stone_pickaxe":1,"minecraft:wooden_pickaxe":1,"minecraft:dark_oak_planks":12},"minecraft:crafted":{"minecraft:cooked_beef":2,"minecraft:wooden_sword":1,"minecraft:cooked_porkchop":3,"minecraft:crafting_table":1,"minecraft:iron_sword":1,"minecraft:furnace":1,"minecraft:stone_axe":1,"minecraft:cooked_mutton":3,"minecraft:emerald_block":1,"minecraft:shield":1,"minecraft:stick":16,"minecraft:iron_ingot":5,"minecraft:iron_pickaxe":1,"minecraft:torch":44,"minecraft:dark_oak_planks":32},"minecraft:custom":{"minecraft:interact_with_furnace":24,"minecraft:mob_kills":17,"minecraft:interact_with_crafting_table":10,"minecraft:leave_game":1,"minecraft:time_since_death":61241,"minecraft:time_since_rest":61241,"minecraft:sprint_one_cm":177270,"minecraft:damage_taken":602,"minecraft:walk_one_cm":96966,"minecraft:damage_blocked_by_shield":30,"minecraft:drop":23,"minecraft:damage_dealt":1891,"minecraft:swim_one_cm":75976,"minecraft:fly_one_cm":118809,"minecraft:open_chest":2,"minecraft:crouch_one_cm":7859,"minecraft:play_time":61241,"minecraft:sneak_time":2556,"minecraft:walk_under_water_one_cm":11848,"minecraft:jump":974,"minecraft:walk_on_water_one_cm":69785,"minecraft:total_world_time":61241,"minecraft:fall_one_cm":26165},"minecraft:mined":{"minecraft:dark_oak_log":23,"minecraft:crafting_table":6,"minecraft:granite":6,"minecraft:grass_block":8,"minecraft:copper_ore":9,"minecraft:cobblestone":4,"minecraft:diorite":2,"minecraft:wall_torch":2,"minecraft:furnace":10,"minecraft:iron_ore":19,"minecraft:birch_leaves":8,"minecraft:coal_ore":26,"minecraft:dirt":11,"minecraft:stone":53,"minecraft:emerald_block":1},"minecraft:used":{"minecraft:cooked_mutton":3,"minecraft:diorite":2,"minecraft:shield":1,"minecraft:iron_sword":58,"minecraft:rotten_flesh":2,"minecraft:torch":45,"minecraft:dirt":16,"minecraft:crafting_table":5,"minecraft:granite":5,"minecraft:iron_pickaxe":136,"minecraft:stone_axe":4,"minecraft:wooden_sword":10,"minecraft:cobblestone":22,"minecraft:emerald_block":1,"minecraft:furnace":9,"minecraft:cooked_porkchop":3,"minecraft:cooked_beef":2},"minecraft:killed":{"minecraft:pig":4,"minecraft:sheep":7,"minecraft:skeleton":1,"minecraft:zombie":2,"minecraft:chicken":2,"minecraft:cow":1},"minecraft:picked_up":{"minecraft:wooden_axe":1,"minecraft:crafting_table":6,"minecraft:feather":4,"minecraft:cooked_beef":1,"minecraft:chicken":2,"minecraft:wooden_pickaxe":1,"minecraft:filled_map":1,"minecraft:shield":1,"minecraft:dirt":19,"minecraft:raw_copper":32,"minecraft:bow":1,"minecraft:stone_pickaxe":1,"minecraft:iron_ingot":11,"minecraft:beef":2,"minecraft:cooked_chicken":2,"minecraft:furnace":12,"minecraft:book":3,"minecraft:stick":48,"minecraft:raw_iron":33,"minecraft:emerald_block":2,"minecraft:cooked_porkchop":1,"minecraft:torch":6,"minecraft:porkchop":14,"minecraft:diorite":2,"minecraft:dark_oak_log":23,"minecraft:dark_oak_planks":49,"minecraft:stone_sword":1,"minecraft:arrow":3,"minecraft:rotten_flesh":2,"minecraft:stone_axe":1,"minecraft:granite":5,"minecraft:black_wool":1,"minecraft:mutton":11,"minecraft:coal":66,"minecraft:white_wool":6,"minecraft:cobblestone":49}},"DataVersion":3955}