{"stats":{"minecraft:dropped":{"minecraft:iron_ingot":3,"minecraft:furnace":2,"minecraft:cooked_beef":1,"minecraft:cooked_porkchop":1,"minecraft:feather":2,"minecraft:book":3},"minecraft:killed_by":{"minecraft:skeleton":2,"minecraft:zombie":1},"minecraft:crafted":{"minecraft:crafting_table":3,"minecraft:wooden_pickaxe":1,"minecraft:furnace":1,"minecraft:birch_planks":44,"minecraft:stone_axe":1,"minecraft:cooked_mutton":4,"minecraft:shield":1,"minecraft:stick":72,"minecraft:iron_ingot":3,"minecraft:stone_pickaxe":1,"minecraft:wooden_axe":3,"minecraft:stone_sword":1,"minecraft:white_bed":1,"minecraft:dark_oak_planks":36,"minecraft:torch":48},"minecraft:custom":{"minecraft:interact_with_furnace":13,"minecraft:mob_kills":7,"minecraft:interact_with_crafting_table":17,"minecraft:leave_game":8,"minecraft:time_since_death":26820,"minecraft:time_since_rest":26929,"minecraft:sprint_one_cm":84569,"minecraft:damage_taken":1149,"minecraft:walk_one_cm":114321,"minecraft:drop":6,"minecraft:damage_dealt":1115,"minecraft:swim_one_cm":75650,"minecraft:fly_one_cm":151388,"minecraft:crouch_one_cm":7976,"minecraft:play_time":62686,"minecraft:deaths":3,"minecraft:sneak_time":4257,"minecraft:walk_under_water_one_cm":14814,"minecraft:jump":997,"minecraft:walk_on_water_one_cm":26759,"minecraft:total_world_time":62686,"minecraft:fall_one_cm":19875},"minecraft:mined":{"minecraft:dark_oak_log":10,"minecraft:crafting_table":2,"minecraft:torch":2,"minecraft:short_grass":5,"minecraft:grass_block":5,"minecraft:cobblestone":2,"minecraft:oak_planks":7,"minecraft:wall_torch":7,"minecraft:birch_log":11,"minecraft:iron_ore":18,"minecraft:birch_leaves":10,"minecraft:bee_nest":1,"minecraft:peony":1,"minecraft:pointed_dripstone":2,"minecraft:coal_ore":14,"minecraft:sand":1,"minecraft:dirt":12,"minecraft:stone":38},"minecraft:used":{"minecraft:cooked_mutton":3,"minecraft:stone_sword":27,"minecraft:stone_pickaxe":42,"minecraft:wooden_pickaxe":36,"minecraft:rotten_flesh":1,"minecraft:salmon":1,"minecraft:torch":13,"minecraft:dirt":17,"minecraft:sand":1,"minecraft:mutton":2,"minecraft:crafting_table":5,"minecraft:white_bed":1,"minecraft:dark_oak_planks":2,"minecraft:wooden_axe":53,"minecraft:dark_oak_log":1,"minecraft:birch_sapling":1,"minecraft:stone_axe":36,"minecraft:cobblestone":26,"minecraft:bow":2,"minecraft:furnace":1,"minecraft:porkchop":4,"minecraft:pointed_dripstone":3},"minecraft:killed":{"minecraft:pig":1,"minecraft:salmon":1,"minecraft:bat":1,"minecraft:sheep":1,"minecraft:skeleton":1,"minecraft:zombie":1},"minecraft:picked_up":{"minecraft:wooden_axe":1,"minecraft:birch_log":11,"minecraft:crafting_table":4,"minecraft:feather":2,"minecraft:cooked_beef":1,"minecraft:salmon":1,"minecraft:wooden_pickaxe":1,"minecraft:filled_map":1,"minecraft:shield":1,"minecraft:dirt":17,"minecraft:wooden_sword":1,"minecraft:bow":2,"minecraft:iron_ingot":3,"minecraft:stone_pickaxe":1,"minecraft:cooked_chicken":2,"minecraft:birch_sapling":1,"minecraft:oak_planks":7,"minecraft:furnace":2,"minecraft:book":3,"minecraft:stick":43,"minecraft:raw_iron":18,"minecraft:cooked_porkchop":1,"minecraft:torch":8,"minecraft:porkchop":2,"minecraft:sand":1,"minecraft:pointed_dripstone":3,"minecraft:dark_oak_log":10,"minecraft:dark_oak_planks":8,"minecraft:stone_sword":1,"minecraft:arrow":5,"minecraft:rotten_flesh":1,"minecraft:stone_axe":1,"minecraft:blue_dye":1,"minecraft:mutton":2,"minecraft:coal":12,"minecraft:white_wool":4,"minecraft:cobblestone":44}},"DataVersion":3955}