{"stats":{"minecraft:dropped":{"minecraft:iron_ingot":22,"minecraft:iron_sword":1,"minecraft:porkchop":1,"minecraft:cooked_beef":1,"minecraft:crafting_table":2,"minecraft:cooked_porkchop":1,"minecraft:iron_helmet":1,"minecraft:feather":2,"minecraft:cobblestone":2,"minecraft:book":3,"minecraft:stick":42,"minecraft:blue_dye":2,"minecraft:wooden_axe":1,"minecraft:iron_leggings":1,"minecraft:wooden_sword":1,"minecraft:iron_axe":1,"minecraft:iron_pickaxe":2,"minecraft:dark_oak_planks":20,"minecraft:white_wool":3,"minecraft:furnace":2,"minecraft:stone_axe":1,"minecraft:emerald_block":1,"minecraft:cooked_chicken":2,"minecraft:stone_sword":1,"minecraft:raw_iron":10,"minecraft:pointed_dripstone":37,"minecraft:iron_boots":1,"minecraft:filled_map":1,"minecraft:shield":2,"minecraft:iron_chestplate":1,"minecraft:arrow":3,"minecraft:bow":1,"minecraft:stone_pickaxe":1,"minecraft:wooden_pickaxe":2},"minecraft:crafted":{"minecraft:wooden_sword":1,"minecraft:furnace":1,"minecraft:cooked_mutton":7,"minecraft:diamond_helmet":2,"minecraft:diamond_leggings":1,"minecraft:iron_boots":1,"minecraft:chest":2,"minecraft:diamond_boots":1,"minecraft:dark_oak_planks":72,"minecraft:cooked_beef":2,"minecraft:diamond_sword":1,"minecraft:emerald":9,"minecraft:cooked_porkchop":3,"minecraft:crafting_table":3,"minecraft:iron_sword":1,"minecraft:blue_bed":1,"minecraft:stone_axe":1,"minecraft:blue_dye":2,"minecraft:iron_chestplate":1,"minecraft:emerald_block":1,"minecraft:diamond_pickaxe":1,"minecraft:shield":1,"minecraft:stick":40,"minecraft:iron_ingot":41,"minecraft:iron_pickaxe":2,"minecraft:iron_block":3,"minecraft:iron_leggings":1,"minecraft:anvil":1,"minecraft:white_bed":1,"minecraft:torch":124,"minecraft:diamond_chestplate":2},"minecraft:custom":{"minecraft:interact_with_smithing_table":3,"minecraft:mob_kills":22,"minecraft:interact_with_anvil":1,"minecraft:interact_with_crafting_table":30,"minecraft:leave_game":2,"minecraft:time_since_death":119472,"minecraft:sprint_one_cm":346052,"minecraft:walk_one_cm":206875,"minecraft:damage_blocked_by_shield":323,"minecraft:drop":47,"minecraft:play_time":119472,"minecraft:sneak_time":12088,"minecraft:walk_under_water_one_cm":15511,"minecraft:jump":1599,"minecraft:walk_on_water_one_cm":77307,"minecraft:total_world_time":119472,"minecraft:interact_with_furnace":52,"minecraft:time_since_rest":119472,"minecraft:damage_taken":1168,"minecraft:damage_absorbed":33,"minecraft:damage_dealt":3283,"minecraft:player_kills":2,"minecraft:swim_one_cm":75976,"minecraft:fly_one_cm":173619,"minecraft:open_chest":14,"minecraft:crouch_one_cm":15267,"minecraft:fall_one_cm":42743},"minecraft:used":{"minecraft:chest":2,"minecraft:shield":14,"minecraft:iron_sword":79,"minecraft:rotten_flesh":2,"minecraft:cooked_chicken":4,"minecraft:iron_chestplate":1,"minecraft:torch":126,"minecraft:dirt":16,"minecraft:anvil":1,"minecraft:diamond_helmet":2,"minecraft:tuff":5,"minecraft:granite":11,"minecraft:dark_oak_planks":1,"minecraft:iron_boots":1,"minecraft:diamond_chestplate":1,"minecraft:emerald_block":1,"minecraft:furnace":13,"minecraft:cooked_beef":2,"minecraft:cobbled_deepslate":12,"minecraft:iron_leggings":1,"minecraft:pointed_dripstone":7,"minecraft:cooked_mutton":8,"minecraft:diorite":2,"minecraft:blue_bed":1,"minecraft:golden_apple":1,"minecraft:crafting_table":10,"minecraft:dripstone_block":4,"minecraft:diamond_pickaxe":62,"minecraft:iron_pickaxe":223,"minecraft:gravel":4,"minecraft:stone_axe":12,"minecraft:diamond_sword":40,"minecraft:wooden_sword":10,"minecraft:cobblestone":28,"minecraft:cooked_porkchop":3,"minecraft:andesite":6},"minecraft:mined":{"minecraft:tuff":7,"minecraft:dark_oak_log":23,"minecraft:granite":17,"minecraft:grass_block":8,"minecraft:furnace":12,"minecraft:iron_ore":42,"minecraft:cobbled_deepslate":9,"minecraft:andesite":6,"minecraft:pointed_dripstone":16,"minecraft:stone":95,"minecraft:crafting_table":7,"minecraft:oak_fence":2,"minecraft:cobblestone":4,"minecraft:copper_ore":9,"minecraft:lapis_ore":8,"minecraft:oak_planks":2,"minecraft:diorite":3,"minecraft:wall_torch":3,"minecraft:birch_leaves":8,"minecraft:coal_ore":42,"minecraft:gravel":5,"minecraft:dirt":11,"minecraft:dripstone_block":6,"minecraft:emerald_block":1},"minecraft:killed":{"minecraft:skeleton":2,"minecraft:chicken":2,"minecraft:pig":4,"minecraft:zombie_villager":1,"minecraft:sheep":7,"minecraft:zombie":5,"minecraft:cow":1},"minecraft:picked_up":{"minecraft:wooden_axe":2,"minecraft:iron_chestplate":1,"minecraft:crafting_table":9,"minecraft:chicken":2,"minecraft:wooden_pickaxe":3,"minecraft:shield":3,"minecraft:raw_copper":32,"minecraft:iron_axe":2,"minecraft:wooden_sword":1,"minecraft:iron_leggings":1,"minecraft:cobbled_deepslate":21,"minecraft:beef":2,"minecraft:iron_pickaxe":2,"minecraft:iron_boots":1,"minecraft:furnace":14,"minecraft:raw_iron":57,"minecraft:stick":78,"minecraft:oak_fence":2,"minecraft:torch":48,"minecraft:porkchop":15,"minecraft:pointed_dripstone":60,"minecraft:diorite":4,"minecraft:carrot":1,"minecraft:dark_oak_planks":49,"minecraft:stone_sword":2,"minecraft:arrow":3,"minecraft:rotten_flesh":7,"minecraft:blue_dye":1,"minecraft:mutton":11,"minecraft:cobblestone":122,"minecraft:white_wool":6,"minecraft:rail":1,"minecraft:feather":4,"minecraft:cooked_beef":1,"minecraft:andesite":10,"minecraft:filled_map":1,"minecraft:flint":2,"minecraft:tuff":6,"minecraft:lapis_lazuli":51,"minecraft:dirt":27,"minecraft:cooked_mutton":1,"minecraft:bow":1,"minecraft:iron_ingot":43,"minecraft:stone_pickaxe":1,"minecraft:cooked_chicken":6,"minecraft:iron_sword":1,"minecraft:oak_planks":5,"minecraft:book":3,"minecraft:emerald_block":2,"minecraft:cooked_porkchop":1,"minecraft:gravel":13,"minecraft:dripstone_block":4,"minecraft:dark_oak_log":23,"minecraft:spider_eye":1,"minecraft:stone_axe":2,"minecraft:diamond":14,"minecraft:iron_helmet":2,"minecraft:granite":11,"minecraft:golden_apple":1,"minecraft:oak_button":1,"minecraft:black_wool":1,"minecraft:coal":87}},"DataVersion":3955}