{"stats":{"minecraft:killed_by":{"minecraft:zombie":1},"minecraft:crafted":{"minecraft:dark_oak_planks":12,"minecraft:crafting_table":1,"minecraft:stick":8,"minecraft:wooden_axe":1},"minecraft:custom":{"minecraft:time_since_rest":119,"minecraft:crouch_one_cm":1017,"minecraft:play_time":5917,"minecraft:sprint_one_cm":16379,"minecraft:deaths":1,"minecraft:damage_taken":253,"minecraft:walk_one_cm":11923,"minecraft:sneak_time":676,"minecraft:walk_under_water_one_cm":4966,"minecraft:jump":102,"minecraft:damage_dealt":322,"minecraft:leave_game":1,"minecraft:walk_on_water_one_cm":1801,"minecraft:time_since_death":0,"minecraft:total_world_time":5917,"minecraft:swim_one_cm":4098,"minecraft:fall_one_cm":1330,"minecraft:interact_with_crafting_table":1,"minecraft:fly_one_cm":24308},"minecraft:mined":{"minecraft:dark_oak_log":4,"minecraft:oak_planks":7,"minecraft:crafting_table":1},"minecraft:used":{"minecraft:wooden_axe":27,"minecraft:dark_oak_log":1,"minecraft:crafting_table":1},"minecraft:picked_up":{"minecraft:crafting_table":1,"minecraft:oak_planks":7,"minecraft:dark_oak_log":4}},"DataVersion":3955}