{"stats":{"minecraft:killed_by":{"minecraft:skeleton":1,"minecraft:zombie":1},"minecraft:crafted":{"minecraft:crafting_table":3,"minecraft:stick":32,"minecraft:wooden_pickaxe":1,"minecraft:stone_pickaxe":1,"minecraft:wooden_axe":3,"minecraft:stone_sword":1,"minecraft:furnace":1,"minecraft:dark_oak_planks":36,"minecraft:birch_planks":44,"minecraft:stone_axe":1},"minecraft:custom":{"minecraft:time_since_rest":13282,"minecraft:interact_with_furnace":1,"minecraft:sprint_one_cm":42132,"minecraft:damage_taken":563,"minecraft:walk_one_cm":34962,"minecraft:mob_kills":1,"minecraft:damage_dealt":515,"minecraft:interact_with_crafting_table":12,"minecraft:swim_one_cm":17883,"minecraft:fly_one_cm":93701,"minecraft:crouch_one_cm":1782,"minecraft:play_time":23931,"minecraft:deaths":2,"minecraft:sneak_time":1169,"minecraft:walk_under_water_one_cm":5238,"minecraft:jump":388,"minecraft:leave_game":4,"minecraft:time_since_death":13215,"minecraft:walk_on_water_one_cm":4337,"minecraft:total_world_time":23931,"minecraft:fall_one_cm":6474},"minecraft:mined":{"minecraft:birch_log":11,"minecraft:dark_oak_log":10,"minecraft:birch_leaves":1,"minecraft:peony":1,"minecraft:crafting_table":2,"minecraft:short_grass":2,"minecraft:grass_block":4,"minecraft:dirt":11,"minecraft:stone":33,"minecraft:oak_planks":7},"minecraft:used":{"minecraft:wooden_axe":53,"minecraft:dark_oak_log":1,"minecraft:birch_sapling":1,"minecraft:wooden_pickaxe":36,"minecraft:stone_axe":1,"minecraft:dirt":12,"minecraft:crafting_table":4,"minecraft:porkchop":3},"minecraft:picked_up":{"minecraft:birch_log":11,"minecraft:stick":1,"minecraft:crafting_table":2,"minecraft:cooked_porkchop":1,"minecraft:filled_map":1,"minecraft:dark_oak_log":10,"minecraft:dirt":15,"minecraft:birch_sapling":1,"minecraft:oak_planks":7,"minecraft:cobblestone":33}},"DataVersion":3955}