{"stats":{"minecraft:dropped":{"minecraft:emerald_block":1,"minecraft:cooked_beef":1,"minecraft:cooked_porkchop":1,"minecraft:filled_map":1},"minecraft:crafted":{"minecraft:cooked_beef":2,"minecraft:wooden_sword":1,"minecraft:cooked_porkchop":3,"minecraft:crafting_table":1,"minecraft:iron_sword":1,"minecraft:furnace":1,"minecraft:stone_axe":1,"minecraft:emerald_block":1,"minecraft:shield":1,"minecraft:stick":8,"minecraft:iron_ingot":3,"minecraft:iron_pickaxe":1,"minecraft:torch":32,"minecraft:dark_oak_planks":32},"minecraft:custom":{"minecraft:interact_with_furnace":10,"minecraft:mob_kills":10,"minecraft:interact_with_crafting_table":10,"minecraft:leave_game":1,"minecraft:time_since_death":37241,"minecraft:time_since_rest":37241,"minecraft:sprint_one_cm":86638,"minecraft:damage_taken":340,"minecraft:walk_one_cm":58979,"minecraft:damage_blocked_by_shield":30,"minecraft:drop":4,"minecraft:damage_dealt":1183,"minecraft:swim_one_cm":63491,"minecraft:fly_one_cm":46371,"minecraft:open_chest":2,"minecraft:crouch_one_cm":4931,"minecraft:play_time":37241,"minecraft:sneak_time":2244,"minecraft:walk_under_water_one_cm":8649,"minecraft:jump":354,"minecraft:walk_on_water_one_cm":67691,"minecraft:total_world_time":37241,"minecraft:fall_one_cm":5120},"minecraft:mined":{"minecraft:dark_oak_log":23,"minecraft:crafting_table":6,"minecraft:granite":5,"minecraft:grass_block":3,"minecraft:copper_ore":9,"minecraft:cobblestone":4,"minecraft:diorite":2,"minecraft:wall_torch":2,"minecraft:furnace":4,"minecraft:iron_ore":3,"minecraft:coal_ore":20,"minecraft:dirt":8,"minecraft:stone":31,"minecraft:emerald_block":1},"minecraft:used":{"minecraft:diorite":2,"minecraft:shield":1,"minecraft:iron_sword":37,"minecraft:rotten_flesh":2,"minecraft:torch":20,"minecraft:dirt":11,"minecraft:crafting_table":5,"minecraft:granite":5,"minecraft:iron_pickaxe":82,"minecraft:stone_axe":4,"minecraft:wooden_sword":10,"minecraft:cobblestone":17,"minecraft:emerald_block":1,"minecraft:furnace":3,"minecraft:cooked_porkchop":2,"minecraft:cooked_beef":1},"minecraft:killed":{"minecraft:pig":4,"minecraft:skeleton":1,"minecraft:zombie":2,"minecraft:chicken":2,"minecraft:cow":1},"minecraft:picked_up":{"minecraft:wooden_axe":1,"minecraft:crafting_table":6,"minecraft:feather":2,"minecraft:cooked_beef":1,"minecraft:chicken":2,"minecraft:wooden_pickaxe":1,"minecraft:filled_map":1,"minecraft:shield":1,"minecraft:dirt":11,"minecraft:raw_copper":32,"minecraft:bow":1,"minecraft:stone_pickaxe":1,"minecraft:iron_ingot":2,"minecraft:beef":2,"minecraft:cooked_chicken":2,"minecraft:furnace":4,"minecraft:stick":48,"minecraft:raw_iron":3,"minecraft:emerald_block":2,"minecraft:cooked_porkchop":1,"minecraft:torch":6,"minecraft:porkchop":14,"minecraft:diorite":2,"minecraft:dark_oak_log":23,"minecraft:dark_oak_planks":37,"minecraft:stone_sword":1,"minecraft:arrow":3,"minecraft:rotten_flesh":2,"minecraft:stone_axe":1,"minecraft:granite":5,"minecraft:coal":44,"minecraft:cobblestone":30}},"DataVersion":3955}