{"stats":{"minecraft:dropped":{"minecraft:iron_ingot":3,"minecraft:cooked_beef":1,"minecraft:cooked_porkchop":1},"minecraft:killed_by":{"minecraft:skeleton":2,"minecraft:zombie":1},"minecraft:crafted":{"minecraft:shield":1,"minecraft:crafting_table":3,"minecraft:stick":72,"minecraft:iron_ingot":3,"minecraft:wooden_pickaxe":1,"minecraft:stone_pickaxe":1,"minecraft:wooden_axe":3,"minecraft:stone_sword":1,"minecraft:furnace":1,"minecraft:dark_oak_planks":36,"minecraft:birch_planks":44,"minecraft:stone_axe":1},"minecraft:custom":{"minecraft:time_since_rest":174,"minecraft:interact_with_furnace":6,"minecraft:sprint_one_cm":45366,"minecraft:damage_taken":829,"minecraft:walk_one_cm":56848,"minecraft:mob_kills":4,"minecraft:drop":3,"minecraft:damage_dealt":920,"minecraft:fly_one_cm":97906,"minecraft:swim_one_cm":18365,"minecraft:interact_with_crafting_table":16,"minecraft:crouch_one_cm":6922,"minecraft:play_time":35931,"minecraft:deaths":3,"minecraft:sneak_time":3585,"minecraft:walk_under_water_one_cm":10510,"minecraft:jump":502,"minecraft:leave_game":4,"minecraft:walk_on_water_one_cm":11898,"minecraft:time_since_death":65,"minecraft:total_world_time":35931,"minecraft:fall_one_cm":8470},"minecraft:mined":{"minecraft:iron_ore":3,"minecraft:birch_log":11,"minecraft:dark_oak_log":10,"minecraft:birch_leaves":1,"minecraft:torch":1,"minecraft:crafting_table":2,"minecraft:peony":1,"minecraft:short_grass":2,"minecraft:coal_ore":9,"minecraft:grass_block":4,"minecraft:dirt":11,"minecraft:cobblestone":2,"minecraft:stone":37,"minecraft:oak_planks":7,"minecraft:wall_torch":3},"minecraft:used":{"minecraft:wooden_axe":53,"minecraft:stone_sword":14,"minecraft:dark_oak_log":1,"minecraft:stone_pickaxe":19,"minecraft:birch_sapling":1,"minecraft:wooden_pickaxe":36,"minecraft:rotten_flesh":1,"minecraft:stone_axe":15,"minecraft:torch":2,"minecraft:dirt":15,"minecraft:cobblestone":23,"minecraft:bow":2,"minecraft:crafting_table":4,"minecraft:furnace":1,"minecraft:porkchop":4},"minecraft:killed":{"minecraft:skeleton":1,"minecraft:zombie":1,"minecraft:bat":1},"minecraft:picked_up":{"minecraft:birch_log":11,"minecraft:raw_iron":3,"minecraft:stick":1,"minecraft:crafting_table":2,"minecraft:cooked_beef":1,"minecraft:cooked_porkchop":1,"minecraft:torch":4,"minecraft:filled_map":1,"minecraft:dark_oak_log":10,"minecraft:dirt":15,"minecraft:arrow":2,"minecraft:rotten_flesh":1,"minecraft:bow":1,"minecraft:iron_ingot":3,"minecraft:coal":7,"minecraft:birch_sapling":1,"minecraft:oak_planks":7,"minecraft:cobblestone":41}},"DataVersion":3955}