{"stats":{"minecraft:crafted":{"minecraft:wooden_sword":1,"minecraft:oak_planks":20,"minecraft:crafting_table":1,"minecraft:stick":4,"minecraft:wooden_pickaxe":1},"minecraft:custom":{"minecraft:time_since_rest":4765,"minecraft:play_time":4765,"minecraft:sprint_one_cm":10185,"minecraft:damage_taken":60,"minecraft:walk_one_cm":6164,"minecraft:jump":54,"minecraft:leave_game":1,"minecraft:time_since_death":4765,"minecraft:total_world_time":4765,"minecraft:fall_one_cm":1694,"minecraft:interact_with_crafting_table":2,"minecraft:fly_one_cm":13416},"minecraft:used":{"minecraft:dirt":1,"minecraft:sand":8,"minecraft:crafting_table":1},"minecraft:mined":{"minecraft:grass_block":1,"minecraft:oak_log":6,"minecraft:sand":14,"minecraft:oak_leaves":3,"minecraft:crafting_table":1},"minecraft:picked_up":{"minecraft:crafting_table":1,"minecraft:sand":14,"minecraft:oak_log":6,"minecraft:dirt":1}},"DataVersion":3955}