{"stats":{"minecraft:dropped":{"minecraft:birch_sapling":1},"minecraft:custom":{"minecraft:jump":198,"minecraft:time_since_rest":7189,"minecraft:damage_taken":140,"minecraft:crouch_one_cm":297,"minecraft:leave_game":2,"minecraft:sprint_one_cm":22984,"minecraft:play_time":7189,"minecraft:time_since_death":7189,"minecraft:walk_on_water_one_cm":3111,"minecraft:walk_one_cm":17259,"minecraft:sneak_time":688,"minecraft:total_world_time":7189,"minecraft:walk_under_water_one_cm":1742,"minecraft:swim_one_cm":26694,"minecraft:drop":1,"minecraft:fall_one_cm":6195,"minecraft:fly_one_cm":36643},"minecraft:mined":{"minecraft:birch_leaves":1},"minecraft:picked_up":{"minecraft:birch_sapling":1}},"DataVersion":3955}