{"stats":{"minecraft:dropped":{"minecraft:iron_ingot":18,"minecraft:porkchop":1,"minecraft:diamond":15,"minecraft:dark_oak_sapling":1,"minecraft:dripstone_block":6,"minecraft:leather":1,"minecraft:stick":2,"minecraft:dirt":15,"minecraft:blue_dye":1,"minecraft:torch":1,"minecraft:wooden_sword":2,"minecraft:iron_pickaxe":1,"minecraft:white_wool":1,"minecraft:gravel":1,"minecraft:stone_axe":2,"minecraft:cooked_chicken":2,"minecraft:cobbled_deepslate":9,"minecraft:tuff":28,"minecraft:pointed_dripstone":2,"minecraft:andesite":12,"minecraft:arrow":1,"minecraft:stone_pickaxe":1},"minecraft:crafted":{"minecraft:smooth_stone":6,"minecraft:raw_iron":45,"minecraft:furnace":2,"minecraft:blast_furnace":2,"minecraft:stone":6,"minecraft:diamond_shovel":1,"minecraft:cooked_mutton":1,"minecraft:diamond_helmet":1,"minecraft:diamond_leggings":1,"minecraft:iron_axe":1,"minecraft:stone_pickaxe":1,"minecraft:chest":2,"minecraft:diamond_boots":1,"minecraft:dark_oak_planks":52,"minecraft:raw_iron_block":5,"minecraft:cooked_beef":7,"minecraft:diamond_sword":1,"minecraft:cooked_porkchop":13,"minecraft:diamond_axe":1,"minecraft:crafting_table":1,"minecraft:wooden_pickaxe":1,"minecraft:stone_axe":1,"minecraft:air":0,"minecraft:diamond_pickaxe":1,"minecraft:shield":1,"minecraft:stick":20,"minecraft:iron_ingot":72,"minecraft:iron_pickaxe":1,"minecraft:torch":4,"minecraft:clay":1,"minecraft:diamond_chestplate":1},"minecraft:custom":{"minecraft:mob_kills":27,"minecraft:interact_with_crafting_table":26,"minecraft:leave_game":2,"minecraft:time_since_death":101082,"minecraft:sprint_one_cm":432492,"minecraft:walk_one_cm":222703,"minecraft:damage_blocked_by_shield":184,"minecraft:drop":74,"minecraft:talked_to_villager":4,"minecraft:play_time":101082,"minecraft:sneak_time":4747,"minecraft:walk_under_water_one_cm":1560,"minecraft:jump":68,"minecraft:interact_with_blast_furnace":16,"minecraft:walk_on_water_one_cm":4082,"minecraft:total_world_time":101082,"minecraft:interact_with_furnace":40,"minecraft:time_since_rest":101082,"minecraft:damage_taken":377,"minecraft:damage_dealt":3416,"minecraft:swim_one_cm":10440,"minecraft:fly_one_cm":19323,"minecraft:open_chest":15,"minecraft:crouch_one_cm":15019,"minecraft:interact_with_smoker":8,"minecraft:fall_one_cm":1318},"minecraft:broken":{"minecraft:iron_pickaxe":1},"minecraft:used":{"minecraft:chest":2,"minecraft:shield":6,"minecraft:cooked_chicken":2,"minecraft:rotten_flesh":3,"minecraft:torch":4,"minecraft:iron_axe":4,"minecraft:furnace":5,"minecraft:cobbled_deepslate":91,"minecraft:golden_axe":21,"minecraft:pointed_dripstone":4,"minecraft:stone_pickaxe":55,"minecraft:wooden_pickaxe":3,"minecraft:diamond_axe":325,"minecraft:clay":1,"minecraft:crafting_table":7,"minecraft:blast_furnace":2,"minecraft:spruce_log":12,"minecraft:smoker":1,"minecraft:diamond_pickaxe":581,"minecraft:diamond_shovel":2,"minecraft:iron_pickaxe":250,"minecraft:spruce_sapling":43,"minecraft:stone_axe":31,"minecraft:diamond_sword":28,"minecraft:cobblestone":22,"minecraft:cooked_porkchop":8,"minecraft:andesite":4},"minecraft:mined":{"minecraft:infested_deepslate":2,"minecraft:tuff":18,"minecraft:white_bed":1,"minecraft:dark_oak_leaves":5,"minecraft:deepslate_diamond_ore":102,"minecraft:dark_oak_log":13,"minecraft:granite":1,"minecraft:grass_block":4,"minecraft:spruce_leaves":63,"minecraft:spruce_sapling":8,"minecraft:furnace":5,"minecraft:iron_ore":55,"minecraft:cobbled_deepslate":4,"minecraft:fire":2,"minecraft:andesite":10,"minecraft:pointed_dripstone":2,"minecraft:stone":172,"minecraft:smoker":1,"minecraft:crafting_table":7,"minecraft:clay":1,"minecraft:cobblestone":4,"minecraft:lapis_ore":4,"minecraft:deepslate_gold_ore":1,"minecraft:sugar_cane":7,"minecraft:diorite":29,"minecraft:big_dripleaf":2,"minecraft:seagrass":1,"minecraft:sweet_berry_bush":7,"minecraft:spruce_log":267,"minecraft:coal_ore":25,"minecraft:gravel":15,"minecraft:dripstone_block":6,"minecraft:dirt":5,"minecraft:small_dripleaf":1,"minecraft:fern":1,"minecraft:deepslate":430},"minecraft:killed":{"minecraft:skeleton":3,"minecraft:chicken":4,"minecraft:silverfish":1,"minecraft:pig":6,"minecraft:sheep":1,"minecraft:zombie":8,"minecraft:cow":3},"minecraft:picked_up":{"minecraft:crafting_table":7,"minecraft:chicken":4,"minecraft:clay_ball":4,"minecraft:golden_pickaxe":1,"minecraft:wooden_sword":2,"minecraft:cobbled_deepslate":422,"minecraft:beef":7,"minecraft:iron_pickaxe":1,"minecraft:sugar_cane":11,"minecraft:furnace":5,"minecraft:dark_oak_sapling":1,"minecraft:raw_iron":116,"minecraft:stick":20,"minecraft:big_dripleaf":1,"minecraft:torch":1,"minecraft:porkchop":15,"minecraft:golden_axe":1,"minecraft:pointed_dripstone":6,"minecraft:diorite":28,"minecraft:arrow":3,"minecraft:rotten_flesh":4,"minecraft:blue_dye":1,"minecraft:mutton":1,"minecraft:cobblestone":179,"minecraft:white_wool":1,"minecraft:feather":4,"minecraft:andesite":16,"minecraft:leather":6,"minecraft:smoker":1,"minecraft:tuff":37,"minecraft:lapis_lazuli":26,"minecraft:dirt":19,"minecraft:wheat_seeds":1,"minecraft:raw_gold":1,"minecraft:iron_ingot":11,"minecraft:cooked_chicken":4,"minecraft:sweet_berries":16,"minecraft:dripstone_block":6,"minecraft:gravel":1,"minecraft:spruce_sapling":53,"minecraft:white_bed":1,"minecraft:spruce_log":261,"minecraft:dark_oak_log":13,"minecraft:diamond":107,"minecraft:stone_axe":1,"minecraft:granite":1,"minecraft:coal":42}},"DataVersion":3955}