{"stats":{"minecraft:dropped":{"minecraft:gravel":1,"minecraft:iron_ingot":18,"minecraft:stone_axe":2,"minecraft:porkchop":1,"minecraft:cooked_chicken":2,"minecraft:cobbled_deepslate":9,"minecraft:diamond":15,"minecraft:dripstone_block":6,"minecraft:dark_oak_sapling":1,"minecraft:tuff":28,"minecraft:pointed_dripstone":2,"minecraft:stick":2,"minecraft:dirt":15,"minecraft:blue_dye":1,"minecraft:torch":1,"minecraft:andesite":12,"minecraft:wooden_sword":2,"minecraft:arrow":1,"minecraft:stone_pickaxe":1,"minecraft:iron_pickaxe":1,"minecraft:white_wool":1},"minecraft:crafted":{"minecraft:cooked_beef":7,"minecraft:smooth_stone":3,"minecraft:raw_iron":45,"minecraft:diamond_sword":1,"minecraft:cooked_porkchop":9,"minecraft:diamond_axe":1,"minecraft:crafting_table":1,"minecraft:wooden_pickaxe":1,"minecraft:furnace":2,"minecraft:blast_furnace":1,"minecraft:stone":3,"minecraft:diamond_shovel":1,"minecraft:stone_axe":1,"minecraft:cooked_mutton":1,"minecraft:air":0,"minecraft:diamond_helmet":1,"minecraft:diamond_leggings":1,"minecraft:diamond_pickaxe":1,"minecraft:shield":1,"minecraft:iron_axe":1,"minecraft:stick":20,"minecraft:iron_ingot":37,"minecraft:iron_pickaxe":1,"minecraft:stone_pickaxe":1,"minecraft:chest":2,"minecraft:diamond_boots":1,"minecraft:dark_oak_planks":52,"minecraft:torch":4,"minecraft:clay":1,"minecraft:raw_iron_block":5,"minecraft:diamond_chestplate":1},"minecraft:custom":{"minecraft:interact_with_furnace":34,"minecraft:mob_kills":25,"minecraft:interact_with_crafting_table":24,"minecraft:leave_game":1,"minecraft:time_since_death":76694,"minecraft:time_since_rest":76694,"minecraft:sprint_one_cm":337773,"minecraft:damage_taken":342,"minecraft:walk_one_cm":168026,"minecraft:damage_blocked_by_shield":184,"minecraft:drop":73,"minecraft:damage_dealt":3065,"minecraft:swim_one_cm":10440,"minecraft:fly_one_cm":19163,"minecraft:open_chest":10,"minecraft:crouch_one_cm":14529,"minecraft:play_time":76694,"minecraft:sneak_time":4546,"minecraft:walk_under_water_one_cm":1560,"minecraft:jump":68,"minecraft:interact_with_blast_furnace":5,"minecraft:walk_on_water_one_cm":4082,"minecraft:total_world_time":76694,"minecraft:interact_with_smoker":5,"minecraft:fall_one_cm":1318},"minecraft:broken":{"minecraft:iron_pickaxe":1},"minecraft:used":{"minecraft:stone_pickaxe":55,"minecraft:chest":2,"minecraft:shield":6,"minecraft:wooden_pickaxe":3,"minecraft:diamond_axe":11,"minecraft:clay":1,"minecraft:cooked_chicken":2,"minecraft:rotten_flesh":3,"minecraft:torch":4,"minecraft:crafting_table":7,"minecraft:blast_furnace":1,"minecraft:smoker":1,"minecraft:diamond_pickaxe":575,"minecraft:diamond_shovel":2,"minecraft:iron_axe":4,"minecraft:iron_pickaxe":250,"minecraft:stone_axe":31,"minecraft:diamond_sword":16,"minecraft:cobblestone":22,"minecraft:furnace":4,"minecraft:cooked_porkchop":7,"minecraft:andesite":4,"minecraft:golden_axe":21,"minecraft:cobbled_deepslate":91,"minecraft:pointed_dripstone":4},"minecraft:mined":{"minecraft:infested_deepslate":2,"minecraft:tuff":18,"minecraft:dark_oak_leaves":5,"minecraft:deepslate_diamond_ore":102,"minecraft:smoker":1,"minecraft:dark_oak_log":13,"minecraft:clay":1,"minecraft:crafting_table":7,"minecraft:granite":1,"minecraft:grass_block":2,"minecraft:deepslate_gold_ore":1,"minecraft:lapis_ore":4,"minecraft:sugar_cane":7,"minecraft:diorite":29,"minecraft:big_dripleaf":2,"minecraft:seagrass":1,"minecraft:furnace":3,"minecraft:fire":2,"minecraft:cobbled_deepslate":4,"minecraft:iron_ore":55,"minecraft:spruce_log":21,"minecraft:andesite":10,"minecraft:pointed_dripstone":2,"minecraft:coal_ore":25,"minecraft:gravel":15,"minecraft:dripstone_block":6,"minecraft:dirt":5,"minecraft:stone":172,"minecraft:small_dripleaf":1,"minecraft:deepslate":430},"minecraft:killed":{"minecraft:pig":6,"minecraft:sheep":1,"minecraft:skeleton":2,"minecraft:zombie":7,"minecraft:chicken":4,"minecraft:silverfish":1,"minecraft:cow":3},"minecraft:picked_up":{"minecraft:crafting_table":7,"minecraft:feather":4,"minecraft:chicken":4,"minecraft:clay_ball":4,"minecraft:golden_pickaxe":1,"minecraft:andesite":16,"minecraft:leather":5,"minecraft:smoker":1,"minecraft:tuff":37,"minecraft:lapis_lazuli":26,"minecraft:dirt":17,"minecraft:wooden_sword":2,"minecraft:cobbled_deepslate":422,"minecraft:raw_gold":1,"minecraft:beef":7,"minecraft:iron_ingot":11,"minecraft:cooked_chicken":4,"minecraft:iron_pickaxe":1,"minecraft:sugar_cane":11,"minecraft:furnace":3,"minecraft:dark_oak_sapling":1,"minecraft:raw_iron":116,"minecraft:big_dripleaf":1,"minecraft:torch":1,"minecraft:gravel":1,"minecraft:dripstone_block":6,"minecraft:porkchop":15,"minecraft:golden_axe":1,"minecraft:pointed_dripstone":6,"minecraft:diorite":28,"minecraft:spruce_log":21,"minecraft:dark_oak_log":13,"minecraft:arrow":1,"minecraft:rotten_flesh":3,"minecraft:diamond":107,"minecraft:stone_axe":1,"minecraft:blue_dye":1,"minecraft:granite":1,"minecraft:mutton":1,"minecraft:coal":42,"minecraft:white_wool":1,"minecraft:cobblestone":175}},"DataVersion":3955}