{"stats":{"minecraft:crafted":{"minecraft:cooked_porkchop":8,"minecraft:crafting_table":1,"minecraft:stick":8,"minecraft:wooden_pickaxe":1,"minecraft:stone_pickaxe":1,"minecraft:furnace":1,"minecraft:dark_oak_planks":52,"minecraft:stone_axe":1,"minecraft:clay":1,"minecraft:air":0},"minecraft:custom":{"minecraft:time_since_rest":16694,"minecraft:interact_with_furnace":4,"minecraft:sprint_one_cm":55697,"minecraft:damage_taken":180,"minecraft:walk_one_cm":77719,"minecraft:mob_kills":15,"minecraft:damage_dealt":1556,"minecraft:fly_one_cm":18682,"minecraft:interact_with_crafting_table":7,"minecraft:swim_one_cm":6146,"minecraft:crouch_one_cm":7368,"minecraft:play_time":16694,"minecraft:sneak_time":1241,"minecraft:walk_under_water_one_cm":427,"minecraft:jump":68,"minecraft:leave_game":1,"minecraft:time_since_death":16694,"minecraft:walk_on_water_one_cm":3746,"minecraft:total_world_time":16694,"minecraft:fall_one_cm":1318},"minecraft:used":{"minecraft:stone_pickaxe":55,"minecraft:wooden_pickaxe":3,"minecraft:clay":1,"minecraft:rotten_flesh":3,"minecraft:stone_axe":31,"minecraft:crafting_table":3,"minecraft:furnace":1,"minecraft:cooked_porkchop":2},"minecraft:mined":{"minecraft:seagrass":1,"minecraft:dark_oak_leaves":5,"minecraft:iron_ore":13,"minecraft:dark_oak_log":13,"minecraft:clay":1,"minecraft:crafting_table":2,"minecraft:coal_ore":25,"minecraft:stone":19,"minecraft:small_dripleaf":1,"minecraft:sugar_cane":7,"minecraft:big_dripleaf":2},"minecraft:killed":{"minecraft:sheep":1,"minecraft:pig":4,"minecraft:zombie":5,"minecraft:chicken":4},"minecraft:picked_up":{"minecraft:dark_oak_sapling":1,"minecraft:crafting_table":2,"minecraft:raw_iron":13,"minecraft:feather":4,"minecraft:chicken":4,"minecraft:clay_ball":4,"minecraft:big_dripleaf":1,"minecraft:porkchop":8,"minecraft:dark_oak_log":13,"minecraft:rotten_flesh":3,"minecraft:sugar_cane":11,"minecraft:mutton":1,"minecraft:coal":25,"minecraft:white_wool":1,"minecraft:cobblestone":19}},"DataVersion":3955}