{"stats":{"minecraft:dropped":{"minecraft:stone_axe":1,"minecraft:stone_pickaxe":1,"minecraft:iron_pickaxe":1},"minecraft:crafted":{"minecraft:smooth_stone":3,"minecraft:diamond_sword":1,"minecraft:cooked_porkchop":8,"minecraft:crafting_table":1,"minecraft:wooden_pickaxe":1,"minecraft:furnace":2,"minecraft:blast_furnace":1,"minecraft:stone":3,"minecraft:stone_axe":1,"minecraft:cooked_mutton":1,"minecraft:air":0,"minecraft:shield":1,"minecraft:iron_axe":1,"minecraft:stick":12,"minecraft:iron_ingot":13,"minecraft:iron_pickaxe":1,"minecraft:stone_pickaxe":1,"minecraft:dark_oak_planks":52,"minecraft:torch":4,"minecraft:clay":1},"minecraft:custom":{"minecraft:interact_with_furnace":23,"minecraft:mob_kills":15,"minecraft:interact_with_crafting_table":17,"minecraft:leave_game":1,"minecraft:time_since_death":28694,"minecraft:time_since_rest":28694,"minecraft:sprint_one_cm":67714,"minecraft:damage_taken":200,"minecraft:walk_one_cm":91389,"minecraft:drop":3,"minecraft:damage_dealt":1556,"minecraft:swim_one_cm":6146,"minecraft:fly_one_cm":18719,"minecraft:crouch_one_cm":8101,"minecraft:play_time":28694,"minecraft:sneak_time":1808,"minecraft:walk_under_water_one_cm":557,"minecraft:jump":68,"minecraft:walk_on_water_one_cm":3755,"minecraft:total_world_time":28694,"minecraft:interact_with_smoker":1,"minecraft:fall_one_cm":1318},"minecraft:used":{"minecraft:stone_pickaxe":55,"minecraft:wooden_pickaxe":3,"minecraft:clay":1,"minecraft:rotten_flesh":3,"minecraft:torch":4,"minecraft:crafting_table":3,"minecraft:iron_axe":2,"minecraft:iron_pickaxe":205,"minecraft:stone_axe":31,"minecraft:cobblestone":5,"minecraft:furnace":2,"minecraft:cooked_porkchop":2},"minecraft:mined":{"minecraft:tuff":7,"minecraft:dark_oak_leaves":5,"minecraft:deepslate_diamond_ore":4,"minecraft:smoker":1,"minecraft:dark_oak_log":13,"minecraft:clay":1,"minecraft:crafting_table":4,"minecraft:grass_block":1,"minecraft:lapis_ore":4,"minecraft:sugar_cane":7,"minecraft:diorite":19,"minecraft:big_dripleaf":2,"minecraft:seagrass":1,"minecraft:furnace":2,"minecraft:iron_ore":54,"minecraft:andesite":6,"minecraft:pointed_dripstone":1,"minecraft:coal_ore":25,"minecraft:dripstone_block":6,"minecraft:dirt":4,"minecraft:stone":123,"minecraft:small_dripleaf":1,"minecraft:deepslate":8},"minecraft:killed":{"minecraft:pig":4,"minecraft:sheep":1,"minecraft:zombie":5,"minecraft:chicken":4},"minecraft:picked_up":{"minecraft:crafting_table":4,"minecraft:feather":4,"minecraft:chicken":4,"minecraft:clay_ball":4,"minecraft:andesite":6,"minecraft:smoker":1,"minecraft:tuff":7,"minecraft:lapis_lazuli":26,"minecraft:dirt":5,"minecraft:cobbled_deepslate":8,"minecraft:iron_ingot":10,"minecraft:cooked_chicken":4,"minecraft:iron_pickaxe":1,"minecraft:sugar_cane":11,"minecraft:furnace":2,"minecraft:dark_oak_sapling":1,"minecraft:raw_iron":54,"minecraft:big_dripleaf":1,"minecraft:dripstone_block":6,"minecraft:porkchop":8,"minecraft:pointed_dripstone":1,"minecraft:diorite":18,"minecraft:dark_oak_log":13,"minecraft:rotten_flesh":3,"minecraft:diamond":6,"minecraft:mutton":1,"minecraft:coal":28,"minecraft:white_wool":1,"minecraft:cobblestone":123}},"DataVersion":3955}