{"stats":{"minecraft:dropped":{"minecraft:gravel":1,"minecraft:iron_ingot":18,"minecraft:stone_axe":2,"minecraft:porkchop":1,"minecraft:cooked_chicken":2,"minecraft:cobbled_deepslate":9,"minecraft:diamond":15,"minecraft:dripstone_block":6,"minecraft:dark_oak_sapling":1,"minecraft:tuff":28,"minecraft:pointed_dripstone":1,"minecraft:stick":2,"minecraft:dirt":15,"minecraft:blue_dye":1,"minecraft:torch":1,"minecraft:andesite":12,"minecraft:wooden_sword":2,"minecraft:stone_pickaxe":1,"minecraft:iron_pickaxe":1,"minecraft:white_wool":1},"minecraft:crafted":{"minecraft:smooth_stone":3,"minecraft:raw_iron":45,"minecraft:diamond_sword":1,"minecraft:cooked_porkchop":9,"minecraft:diamond_axe":1,"minecraft:crafting_table":1,"minecraft:wooden_pickaxe":1,"minecraft:furnace":2,"minecraft:blast_furnace":1,"minecraft:stone":3,"minecraft:diamond_shovel":1,"minecraft:stone_axe":1,"minecraft:cooked_mutton":1,"minecraft:air":0,"minecraft:diamond_helmet":1,"minecraft:diamond_leggings":1,"minecraft:diamond_pickaxe":1,"minecraft:shield":1,"minecraft:iron_axe":1,"minecraft:stick":20,"minecraft:iron_ingot":19,"minecraft:iron_pickaxe":1,"minecraft:stone_pickaxe":1,"minecraft:diamond_boots":1,"minecraft:dark_oak_planks":52,"minecraft:torch":4,"minecraft:clay":1,"minecraft:raw_iron_block":5,"minecraft:diamond_chestplate":1},"minecraft:custom":{"minecraft:interact_with_furnace":31,"minecraft:mob_kills":19,"minecraft:interact_with_crafting_table":22,"minecraft:leave_game":1,"minecraft:time_since_death":64694,"minecraft:time_since_rest":64694,"minecraft:sprint_one_cm":133656,"minecraft:damage_taken":329,"minecraft:walk_one_cm":135350,"minecraft:damage_blocked_by_shield":154,"minecraft:drop":71,"minecraft:damage_dealt":2275,"minecraft:swim_one_cm":6146,"minecraft:fly_one_cm":19083,"minecraft:open_chest":4,"minecraft:crouch_one_cm":14337,"minecraft:play_time":64694,"minecraft:sneak_time":4292,"minecraft:walk_under_water_one_cm":557,"minecraft:jump":68,"minecraft:walk_on_water_one_cm":3865,"minecraft:total_world_time":64694,"minecraft:interact_with_smoker":1,"minecraft:fall_one_cm":1318},"minecraft:broken":{"minecraft:iron_pickaxe":1},"minecraft:used":{"minecraft:stone_pickaxe":55,"minecraft:shield":5,"minecraft:wooden_pickaxe":3,"minecraft:diamond_axe":2,"minecraft:clay":1,"minecraft:cooked_chicken":2,"minecraft:rotten_flesh":3,"minecraft:torch":4,"minecraft:crafting_table":6,"minecraft:diamond_pickaxe":534,"minecraft:diamond_shovel":2,"minecraft:iron_axe":4,"minecraft:iron_pickaxe":250,"minecraft:stone_axe":31,"minecraft:diamond_sword":10,"minecraft:cobblestone":6,"minecraft:furnace":2,"minecraft:cooked_porkchop":3,"minecraft:cobbled_deepslate":66,"minecraft:pointed_dripstone":4},"minecraft:mined":{"minecraft:infested_deepslate":2,"minecraft:tuff":18,"minecraft:dark_oak_leaves":5,"minecraft:deepslate_diamond_ore":102,"minecraft:smoker":1,"minecraft:dark_oak_log":13,"minecraft:clay":1,"minecraft:crafting_table":7,"minecraft:granite":1,"minecraft:grass_block":1,"minecraft:deepslate_gold_ore":1,"minecraft:lapis_ore":4,"minecraft:sugar_cane":7,"minecraft:diorite":27,"minecraft:big_dripleaf":2,"minecraft:seagrass":1,"minecraft:furnace":3,"minecraft:cobbled_deepslate":4,"minecraft:iron_ore":55,"minecraft:andesite":6,"minecraft:pointed_dripstone":2,"minecraft:coal_ore":25,"minecraft:gravel":15,"minecraft:dripstone_block":6,"minecraft:dirt":4,"minecraft:stone":139,"minecraft:small_dripleaf":1,"minecraft:deepslate":430},"minecraft:killed":{"minecraft:pig":4,"minecraft:sheep":1,"minecraft:skeleton":1,"minecraft:zombie":7,"minecraft:chicken":4,"minecraft:silverfish":1},"minecraft:picked_up":{"minecraft:crafting_table":7,"minecraft:feather":4,"minecraft:chicken":4,"minecraft:clay_ball":4,"minecraft:andesite":12,"minecraft:smoker":1,"minecraft:tuff":37,"minecraft:lapis_lazuli":26,"minecraft:dirt":15,"minecraft:wooden_sword":2,"minecraft:cobbled_deepslate":422,"minecraft:raw_gold":1,"minecraft:iron_ingot":11,"minecraft:cooked_chicken":4,"minecraft:iron_pickaxe":1,"minecraft:sugar_cane":11,"minecraft:furnace":3,"minecraft:dark_oak_sapling":1,"minecraft:raw_iron":116,"minecraft:big_dripleaf":1,"minecraft:torch":1,"minecraft:gravel":1,"minecraft:dripstone_block":6,"minecraft:porkchop":11,"minecraft:pointed_dripstone":6,"minecraft:diorite":26,"minecraft:dark_oak_log":13,"minecraft:rotten_flesh":3,"minecraft:diamond":107,"minecraft:stone_axe":1,"minecraft:blue_dye":1,"minecraft:granite":1,"minecraft:mutton":1,"minecraft:coal":42,"minecraft:white_wool":1,"minecraft:cobblestone":142}},"DataVersion":3955}