{"stats":{"minecraft:crafted":{"minecraft:dark_oak_planks":52,"minecraft:crafting_table":1,"minecraft:stick":8,"minecraft:wooden_pickaxe":1},"minecraft:custom":{"minecraft:time_since_rest":4741,"minecraft:crouch_one_cm":336,"minecraft:play_time":4741,"minecraft:sprint_one_cm":7206,"minecraft:damage_taken":20,"minecraft:walk_one_cm":2733,"minecraft:sneak_time":241,"minecraft:walk_under_water_one_cm":427,"minecraft:jump":47,"minecraft:leave_game":1,"minecraft:time_since_death":4741,"minecraft:walk_on_water_one_cm":478,"minecraft:total_world_time":4741,"minecraft:swim_one_cm":6146,"minecraft:fall_one_cm":900,"minecraft:interact_with_crafting_table":1,"minecraft:fly_one_cm":12035},"minecraft:used":{"minecraft:crafting_table":1},"minecraft:mined":{"minecraft:seagrass":1,"minecraft:dark_oak_leaves":5,"minecraft:dark_oak_log":13,"minecraft:sugar_cane":7,"minecraft:crafting_table":1},"minecraft:picked_up":{"minecraft:dark_oak_sapling":1,"minecraft:crafting_table":1,"minecraft:sugar_cane":11,"minecraft:dark_oak_log":13}},"DataVersion":3955}