{"stats":{"minecraft:dropped":{"minecraft:iron_ingot":10,"minecraft:stone_axe":1,"minecraft:brown_mushroom":1,"minecraft:wheat_seeds":3,"minecraft:diamond":2,"minecraft:rotten_flesh":2,"minecraft:wooden_pickaxe":1,"minecraft:stone_pickaxe":3,"minecraft:iron_pickaxe":1},"minecraft:crafted":{"minecraft:oak_planks":24,"minecraft:cooked_porkchop":3,"minecraft:crafting_table":3,"minecraft:spruce_planks":24,"minecraft:wooden_pickaxe":1,"minecraft:furnace":2,"minecraft:birch_planks":8,"minecraft:stone_axe":1,"minecraft:cooked_mutton":15,"minecraft:air":0,"minecraft:shield":1,"minecraft:stick":16,"minecraft:iron_ingot":26,"minecraft:iron_pickaxe":2,"minecraft:stone_pickaxe":2,"minecraft:wooden_axe":1,"minecraft:white_bed":1,"minecraft:torch":4,"minecraft:smoker":1},"minecraft:custom":{"minecraft:interact_with_furnace":37,"minecraft:mob_kills":13,"minecraft:interact_with_crafting_table":32,"minecraft:leave_game":3,"minecraft:time_since_death":103725,"minecraft:sleep_in_bed":6,"minecraft:time_since_rest":980,"minecraft:sprint_one_cm":849637,"minecraft:damage_taken":992,"minecraft:walk_one_cm":755729,"minecraft:damage_blocked_by_shield":381,"minecraft:drop":14,"minecraft:damage_dealt":1448,"minecraft:swim_one_cm":11653,"minecraft:fly_one_cm":126353,"minecraft:crouch_one_cm":9490,"minecraft:play_time":131123,"minecraft:deaths":3,"minecraft:sneak_time":1728,"minecraft:walk_under_water_one_cm":22447,"minecraft:jump":842,"minecraft:walk_on_water_one_cm":6638,"minecraft:interact_with_smoker":19,"minecraft:total_world_time":131123},"minecraft:broken":{"minecraft:stone_pickaxe":1,"minecraft:iron_pickaxe":1},"minecraft:used":{"minecraft:cooked_mutton":7,"minecraft:diorite":5,"minecraft:stone_pickaxe":131,"minecraft:oak_planks":11,"minecraft:shield":8,"minecraft:wooden_pickaxe":7,"minecraft:white_wool":1,"minecraft:torch":3,"minecraft:dirt":20,"minecraft:sand":20,"minecraft:crafting_table":9,"minecraft:white_bed":5,"minecraft:smoker":4,"minecraft:wooden_axe":16,"minecraft:iron_pickaxe":415,"minecraft:stone_axe":48,"minecraft:cobblestone":126,"minecraft:sweet_berries":11,"minecraft:furnace":5,"minecraft:cooked_porkchop":3,"minecraft:andesite":1},"minecraft:mined":{"minecraft:podzol":1,"minecraft:brown_mushroom":1,"minecraft:white_bed":5,"minecraft:deepslate_diamond_ore":7,"minecraft:smoker":3,"minecraft:crafting_table":8,"minecraft:granite":14,"minecraft:budding_amethyst":1,"minecraft:short_grass":40,"minecraft:grass_block":6,"minecraft:calcite":5,"minecraft:cobblestone":35,"minecraft:spruce_leaves":9,"minecraft:sugar_cane":4,"minecraft:diorite":15,"minecraft:amethyst_block":5,"minecraft:furnace":5,"minecraft:birch_log":6,"minecraft:iron_ore":26,"minecraft:sweet_berry_bush":7,"minecraft:spruce_log":10,"minecraft:andesite":1,"minecraft:birch_leaves":3,"minecraft:oak_log":21,"minecraft:coal_ore":76,"minecraft:gravel":3,"minecraft:sand":20,"minecraft:dirt":8,"minecraft:smooth_basalt":3,"minecraft:stone":307,"minecraft:oak_leaves":3,"minecraft:deepslate":38,"minecraft:fern":3},"minecraft:killed":{"minecraft:wolf":1,"minecraft:pig":2,"minecraft:skeleton":2,"minecraft:sheep":8},"minecraft:picked_up":{"minecraft:birch_log":6,"minecraft:crafting_table":8,"minecraft:andesite":1,"minecraft:brown_mushroom":1,"minecraft:smoker":3,"minecraft:flint":1,"minecraft:oak_log":21,"minecraft:amethyst_block":5,"minecraft:dirt":23,"minecraft:bone":3,"minecraft:wheat_seeds":5,"minecraft:cobbled_deepslate":38,"minecraft:spruce_planks":7,"minecraft:stone_pickaxe":2,"minecraft:calcite":5,"minecraft:iron_pickaxe":1,"minecraft:sugar_cane":10,"minecraft:furnace":5,"minecraft:stick":1,"minecraft:raw_iron":26,"minecraft:smooth_basalt":3,"minecraft:sweet_berries":11,"minecraft:gravel":2,"minecraft:sand":20,"minecraft:porkchop":3,"minecraft:diorite":15,"minecraft:white_bed":5,"minecraft:spruce_log":10,"minecraft:arrow":2,"minecraft:rotten_flesh":2,"minecraft:diamond":7,"minecraft:stone_axe":1,"minecraft:granite":14,"minecraft:mutton":15,"minecraft:cobblestone":337,"minecraft:coal":125,"minecraft:white_wool":8,"minecraft:ender_pearl":1}},"DataVersion":3955}