{"stats":{"minecraft:dropped":{"minecraft:iron_ingot":10,"minecraft:brown_mushroom":1,"minecraft:wheat_seeds":3,"minecraft:golden_pickaxe":1,"minecraft:diamond":8,"minecraft:golden_axe":1,"minecraft:amethyst_block":5,"minecraft:coal":4,"minecraft:golden_apple":1,"minecraft:stick":1,"minecraft:flint":2,"minecraft:dirt":8,"minecraft:blue_dye":2,"minecraft:diorite":1,"minecraft:wooden_axe":2,"minecraft:wooden_sword":3,"minecraft:iron_pickaxe":3,"minecraft:gravel":5,"minecraft:stone_axe":2,"minecraft:sweet_berries":1,"minecraft:cobbled_deepslate":192,"minecraft:pointed_dripstone":12,"minecraft:rotten_flesh":5,"minecraft:spider_eye":1,"minecraft:spruce_log":1,"minecraft:stone_pickaxe":3,"minecraft:wooden_pickaxe":1},"minecraft:crafted":{"minecraft:oak_planks":32,"minecraft:furnace":2,"minecraft:bone_meal":9,"minecraft:cooked_mutton":15,"minecraft:diamond_helmet":1,"minecraft:diamond_leggings":1,"minecraft:stone_pickaxe":2,"minecraft:diamond_boots":1,"minecraft:smoker":1,"minecraft:cooked_porkchop":3,"minecraft:diamond_axe":1,"minecraft:crafting_table":3,"minecraft:spruce_planks":28,"minecraft:wooden_pickaxe":1,"minecraft:smithing_table":1,"minecraft:birch_planks":8,"minecraft:stone_axe":1,"minecraft:air":0,"minecraft:diamond_pickaxe":1,"minecraft:shield":1,"minecraft:stick":24,"minecraft:iron_ingot":26,"minecraft:iron_pickaxe":2,"minecraft:wooden_axe":1,"minecraft:white_bed":2,"minecraft:torch":28,"minecraft:diamond_chestplate":1},"minecraft:custom":{"minecraft:interact_with_smithing_table":3,"minecraft:mob_kills":22,"minecraft:interact_with_crafting_table":48,"minecraft:leave_game":4,"minecraft:time_since_death":177485,"minecraft:sprint_one_cm":1092651,"minecraft:walk_one_cm":1006568,"minecraft:damage_blocked_by_shield":511,"minecraft:drop":65,"minecraft:talked_to_villager":23,"minecraft:play_time":204883,"minecraft:deaths":3,"minecraft:sneak_time":2713,"minecraft:walk_under_water_one_cm":22447,"minecraft:jump":1472,"minecraft:walk_on_water_one_cm":9759,"minecraft:total_world_time":204883,"minecraft:interact_with_furnace":39,"minecraft:sleep_in_bed":10,"minecraft:time_since_rest":5443,"minecraft:damage_taken":1219,"minecraft:damage_dealt":3706,"minecraft:swim_one_cm":11653,"minecraft:fly_one_cm":204617,"minecraft:open_chest":13,"minecraft:crouch_one_cm":13226,"minecraft:interact_with_smoker":19,"minecraft:fall_one_cm":1030},"minecraft:broken":{"minecraft:stone_pickaxe":1,"minecraft:iron_pickaxe":1},"minecraft:used":{"minecraft:flint_and_steel":1,"minecraft:poppy":2,"minecraft:shield":13,"minecraft:torch":28,"minecraft:dirt":24,"minecraft:cobblestone_wall":1,"minecraft:diamond_helmet":1,"minecraft:tuff":18,"minecraft:spruce_fence":1,"minecraft:wooden_axe":16,"minecraft:smooth_basalt":3,"minecraft:diamond_chestplate":1,"minecraft:bow":1,"minecraft:sweet_berries":17,"minecraft:furnace":5,"minecraft:cobbled_deepslate":46,"minecraft:pointed_dripstone":4,"minecraft:cooked_mutton":14,"minecraft:diorite":14,"minecraft:diamond_boots":1,"minecraft:stone_pickaxe":131,"minecraft:oak_planks":11,"minecraft:wooden_pickaxe":7,"minecraft:diamond_axe":29,"minecraft:white_wool":1,"minecraft:golden_apple":1,"minecraft:sand":20,"minecraft:crafting_table":12,"minecraft:white_bed":11,"minecraft:spruce_log":2,"minecraft:smoker":4,"minecraft:diamond_pickaxe":502,"minecraft:iron_pickaxe":421,"minecraft:spruce_trapdoor":1,"minecraft:spruce_sapling":35,"minecraft:stone_axe":58,"minecraft:cobblestone":152,"minecraft:cooked_porkchop":3,"minecraft:smithing_table":1,"minecraft:andesite":1,"minecraft:bone_meal":9,"minecraft:gray_wool":1,"minecraft:diamond_leggings":1},"minecraft:mined":{"minecraft:tuff":68,"minecraft:white_bed":9,"minecraft:deepslate_diamond_ore":63,"minecraft:spruce_trapdoor":1,"minecraft:granite":17,"minecraft:budding_amethyst":1,"minecraft:spruce_fence":1,"minecraft:grass_block":11,"minecraft:spruce_leaves":155,"minecraft:large_fern":7,"minecraft:spruce_sapling":2,"minecraft:furnace":5,"minecraft:iron_ore":26,"minecraft:cobbled_deepslate":1,"minecraft:andesite":3,"minecraft:pointed_dripstone":2,"minecraft:stone":344,"minecraft:podzol":1,"minecraft:brown_mushroom":1,"minecraft:smoker":3,"minecraft:crafting_table":11,"minecraft:short_grass":42,"minecraft:calcite":5,"minecraft:cobblestone":45,"minecraft:sugar_cane":4,"minecraft:diorite":15,"minecraft:amethyst_block":5,"minecraft:cobblestone_wall":1,"minecraft:birch_log":6,"minecraft:sweet_berry_bush":12,"minecraft:spruce_log":17,"minecraft:birch_leaves":3,"minecraft:coal_ore":76,"minecraft:oak_log":21,"minecraft:dirt":12,"minecraft:sand":20,"minecraft:gravel":3,"minecraft:smooth_basalt":3,"minecraft:fern":8,"minecraft:oak_leaves":3,"minecraft:deepslate":362},"minecraft:killed":{"minecraft:spider":1,"minecraft:skeleton":5,"minecraft:wolf":1,"minecraft:pig":2,"minecraft:iron_golem":1,"minecraft:creeper":1,"minecraft:sheep":9,"minecraft:zombie":2},"minecraft:picked_up":{"minecraft:wooden_axe":1,"minecraft:crafting_table":11,"minecraft:brown_mushroom":1,"minecraft:amethyst_block":10,"minecraft:string":2,"minecraft:wooden_sword":3,"minecraft:cobbled_deepslate":386,"minecraft:spruce_planks":7,"minecraft:calcite":5,"minecraft:poppy":2,"minecraft:iron_pickaxe":2,"minecraft:sugar_cane":10,"minecraft:spruce_trapdoor":1,"minecraft:furnace":5,"minecraft:raw_iron":26,"minecraft:stick":24,"minecraft:spruce_fence":1,"minecraft:porkchop":3,"minecraft:pointed_dripstone":16,"minecraft:diorite":15,"minecraft:arrow":7,"minecraft:rotten_flesh":5,"minecraft:blue_dye":2,"minecraft:mutton":17,"minecraft:white_wool":10,"minecraft:cobblestone":380,"minecraft:birch_log":6,"minecraft:andesite":3,"minecraft:smoker":3,"minecraft:flint":2,"minecraft:tuff":64,"minecraft:oak_log":21,"minecraft:cobblestone_wall":1,"minecraft:dirt":35,"minecraft:bone":5,"minecraft:bow":1,"minecraft:wheat_seeds":5,"minecraft:iron_ingot":4,"minecraft:stone_pickaxe":2,"minecraft:smooth_basalt":3,"minecraft:sweet_berries":18,"minecraft:gravel":10,"minecraft:sand":20,"minecraft:spruce_sapling":35,"minecraft:white_bed":9,"minecraft:spruce_log":18,"minecraft:spider_eye":1,"minecraft:diamond":65,"minecraft:stone_axe":1,"minecraft:granite":19,"minecraft:gray_wool":1,"minecraft:coal":125,"minecraft:ender_pearl":1}},"DataVersion":3955}