{"stats":{"minecraft:dropped":{"minecraft:stone_pickaxe":1,"minecraft:wooden_pickaxe":1},"minecraft:crafted":{"minecraft:oak_planks":20,"minecraft:shield":1,"minecraft:crafting_table":1,"minecraft:spruce_planks":8,"minecraft:stick":12,"minecraft:iron_pickaxe":1,"minecraft:iron_ingot":6,"minecraft:wooden_pickaxe":1,"minecraft:stone_pickaxe":2,"minecraft:wooden_axe":1,"minecraft:furnace":1,"minecraft:birch_planks":8,"minecraft:stone_axe":1,"minecraft:air":0},"minecraft:custom":{"minecraft:time_since_rest":17365,"minecraft:interact_with_furnace":14,"minecraft:sprint_one_cm":522101,"minecraft:damage_taken":877,"minecraft:walk_one_cm":529081,"minecraft:drop":2,"minecraft:damage_dealt":218,"minecraft:interact_with_crafting_table":15,"minecraft:swim_one_cm":11653,"minecraft:fly_one_cm":58179,"minecraft:crouch_one_cm":653,"minecraft:play_time":44736,"minecraft:deaths":3,"minecraft:sneak_time":396,"minecraft:walk_under_water_one_cm":22376,"minecraft:jump":311,"minecraft:leave_game":2,"minecraft:time_since_death":17338,"minecraft:walk_on_water_one_cm":1889,"minecraft:total_world_time":44736},"minecraft:mined":{"minecraft:iron_ore":10,"minecraft:birch_log":6,"minecraft:spruce_log":5,"minecraft:birch_leaves":3,"minecraft:crafting_table":2,"minecraft:short_grass":3,"minecraft:grass_block":4,"minecraft:oak_log":5,"minecraft:sand":20,"minecraft:dirt":3,"minecraft:spruce_leaves":3,"minecraft:stone":99,"minecraft:oak_leaves":2},"minecraft:used":{"minecraft:wooden_axe":16,"minecraft:stone_pickaxe":106,"minecraft:oak_planks":11,"minecraft:wooden_pickaxe":7,"minecraft:stone_axe":1,"minecraft:dirt":6,"minecraft:sand":20,"minecraft:cobblestone":3,"minecraft:crafting_table":3,"minecraft:furnace":1},"minecraft:picked_up":{"minecraft:birch_log":6,"minecraft:raw_iron":10,"minecraft:stick":1,"minecraft:crafting_table":2,"minecraft:sand":20,"minecraft:oak_log":5,"minecraft:spruce_log":5,"minecraft:dirt":6,"minecraft:stone_pickaxe":1,"minecraft:cobblestone":98}},"DataVersion":3955}