{"stats":{"minecraft:dropped":{"minecraft:stone_axe":1,"minecraft:brown_mushroom":1,"minecraft:wheat_seeds":3,"minecraft:rotten_flesh":2,"minecraft:wooden_pickaxe":1,"minecraft:stone_pickaxe":3,"minecraft:iron_pickaxe":1},"minecraft:crafted":{"minecraft:oak_planks":24,"minecraft:cooked_porkchop":3,"minecraft:crafting_table":3,"minecraft:spruce_planks":24,"minecraft:wooden_pickaxe":1,"minecraft:furnace":2,"minecraft:birch_planks":8,"minecraft:stone_axe":1,"minecraft:cooked_mutton":15,"minecraft:air":0,"minecraft:shield":1,"minecraft:stick":16,"minecraft:iron_ingot":26,"minecraft:iron_pickaxe":2,"minecraft:stone_pickaxe":2,"minecraft:wooden_axe":1,"minecraft:white_bed":1,"minecraft:torch":4,"minecraft:smoker":1},"minecraft:custom":{"minecraft:interact_with_furnace":36,"minecraft:mob_kills":13,"minecraft:interact_with_crafting_table":32,"minecraft:leave_game":3,"minecraft:time_since_death":91725,"minecraft:sleep_in_bed":5,"minecraft:time_since_rest":2501,"minecraft:sprint_one_cm":796951,"minecraft:damage_taken":992,"minecraft:walk_one_cm":701928,"minecraft:damage_blocked_by_shield":213,"minecraft:drop":12,"minecraft:damage_dealt":1448,"minecraft:swim_one_cm":11653,"minecraft:fly_one_cm":115038,"minecraft:crouch_one_cm":5897,"minecraft:play_time":119123,"minecraft:deaths":3,"minecraft:sneak_time":1475,"minecraft:walk_under_water_one_cm":22376,"minecraft:jump":730,"minecraft:walk_on_water_one_cm":4048,"minecraft:interact_with_smoker":18,"minecraft:total_world_time":119123},"minecraft:broken":{"minecraft:stone_pickaxe":1,"minecraft:iron_pickaxe":1},"minecraft:used":{"minecraft:cooked_mutton":5,"minecraft:diorite":5,"minecraft:stone_pickaxe":131,"minecraft:oak_planks":11,"minecraft:shield":5,"minecraft:wooden_pickaxe":7,"minecraft:white_wool":1,"minecraft:torch":1,"minecraft:dirt":11,"minecraft:sand":20,"minecraft:crafting_table":8,"minecraft:white_bed":4,"minecraft:smoker":3,"minecraft:wooden_axe":16,"minecraft:iron_pickaxe":275,"minecraft:stone_axe":47,"minecraft:cobblestone":126,"minecraft:sweet_berries":11,"minecraft:furnace":5,"minecraft:cooked_porkchop":3,"minecraft:andesite":1},"minecraft:mined":{"minecraft:podzol":1,"minecraft:brown_mushroom":1,"minecraft:white_bed":4,"minecraft:deepslate_diamond_ore":2,"minecraft:smoker":3,"minecraft:crafting_table":8,"minecraft:granite":14,"minecraft:short_grass":39,"minecraft:grass_block":6,"minecraft:cobblestone":35,"minecraft:spruce_leaves":9,"minecraft:sugar_cane":4,"minecraft:diorite":5,"minecraft:furnace":5,"minecraft:birch_log":6,"minecraft:iron_ore":26,"minecraft:sweet_berry_bush":7,"minecraft:spruce_log":10,"minecraft:andesite":1,"minecraft:birch_leaves":3,"minecraft:oak_log":21,"minecraft:coal_ore":51,"minecraft:sand":20,"minecraft:dirt":5,"minecraft:stone":251,"minecraft:oak_leaves":3,"minecraft:deepslate":14,"minecraft:fern":3},"minecraft:killed":{"minecraft:wolf":1,"minecraft:pig":2,"minecraft:skeleton":2,"minecraft:sheep":8},"minecraft:picked_up":{"minecraft:birch_log":6,"minecraft:crafting_table":8,"minecraft:andesite":1,"minecraft:brown_mushroom":1,"minecraft:smoker":3,"minecraft:oak_log":21,"minecraft:dirt":11,"minecraft:bone":3,"minecraft:wheat_seeds":5,"minecraft:cobbled_deepslate":14,"minecraft:spruce_planks":7,"minecraft:stone_pickaxe":2,"minecraft:iron_pickaxe":1,"minecraft:sugar_cane":10,"minecraft:furnace":5,"minecraft:stick":1,"minecraft:raw_iron":26,"minecraft:sweet_berries":11,"minecraft:sand":20,"minecraft:porkchop":3,"minecraft:diorite":5,"minecraft:white_bed":4,"minecraft:spruce_log":10,"minecraft:arrow":2,"minecraft:rotten_flesh":2,"minecraft:diamond":2,"minecraft:stone_axe":1,"minecraft:granite":14,"minecraft:mutton":15,"minecraft:cobblestone":282,"minecraft:coal":100,"minecraft:white_wool":8,"minecraft:ender_pearl":1}},"DataVersion":3955}