{"stats":{"minecraft:dropped":{"minecraft:stone_axe":1,"minecraft:wheat_seeds":1,"minecraft:stone_pickaxe":2,"minecraft:wooden_pickaxe":1,"minecraft:iron_pickaxe":1},"minecraft:crafted":{"minecraft:oak_planks":20,"minecraft:crafting_table":2,"minecraft:spruce_planks":20,"minecraft:wooden_pickaxe":1,"minecraft:furnace":1,"minecraft:birch_planks":8,"minecraft:stone_axe":1,"minecraft:cooked_mutton":3,"minecraft:air":0,"minecraft:shield":1,"minecraft:stick":12,"minecraft:iron_ingot":7,"minecraft:iron_pickaxe":1,"minecraft:stone_pickaxe":2,"minecraft:wooden_axe":1,"minecraft:white_bed":1,"minecraft:smoker":1},"minecraft:custom":{"minecraft:interact_with_furnace":22,"minecraft:mob_kills":10,"minecraft:interact_with_crafting_table":21,"minecraft:leave_game":2,"minecraft:time_since_death":41338,"minecraft:sleep_in_bed":1,"minecraft:time_since_rest":1964,"minecraft:sprint_one_cm":538035,"minecraft:damage_taken":877,"minecraft:walk_one_cm":583835,"minecraft:damage_blocked_by_shield":123,"minecraft:drop":6,"minecraft:damage_dealt":1058,"minecraft:swim_one_cm":11653,"minecraft:fly_one_cm":70687,"minecraft:crouch_one_cm":1409,"minecraft:play_time":68736,"minecraft:deaths":3,"minecraft:sneak_time":580,"minecraft:walk_under_water_one_cm":22376,"minecraft:jump":438,"minecraft:walk_on_water_one_cm":1889,"minecraft:total_world_time":68736,"minecraft:interact_with_smoker":7},"minecraft:broken":{"minecraft:stone_pickaxe":1},"minecraft:mined":{"minecraft:smoker":1,"minecraft:crafting_table":4,"minecraft:short_grass":4,"minecraft:grass_block":4,"minecraft:cobblestone":6,"minecraft:spruce_leaves":5,"minecraft:furnace":3,"minecraft:birch_log":6,"minecraft:iron_ore":16,"minecraft:spruce_log":9,"minecraft:birch_leaves":3,"minecraft:oak_log":5,"minecraft:coal_ore":51,"minecraft:dirt":4,"minecraft:sand":20,"minecraft:stone":151,"minecraft:oak_leaves":2},"minecraft:used":{"minecraft:cooked_mutton":3,"minecraft:stone_pickaxe":131,"minecraft:oak_planks":11,"minecraft:wooden_pickaxe":7,"minecraft:shield":2,"minecraft:white_wool":1,"minecraft:dirt":7,"minecraft:sand":20,"minecraft:crafting_table":5,"minecraft:white_bed":1,"minecraft:smoker":2,"minecraft:wooden_axe":16,"minecraft:iron_pickaxe":95,"minecraft:stone_axe":21,"minecraft:cobblestone":11,"minecraft:furnace":3},"minecraft:killed":{"minecraft:pig":1,"minecraft:skeleton":1,"minecraft:sheep":8},"minecraft:picked_up":{"minecraft:birch_log":6,"minecraft:crafting_table":4,"minecraft:smoker":1,"minecraft:oak_log":5,"minecraft:dirt":7,"minecraft:bone":2,"minecraft:wheat_seeds":1,"minecraft:spruce_planks":7,"minecraft:stone_pickaxe":2,"minecraft:iron_pickaxe":1,"minecraft:furnace":3,"minecraft:stick":1,"minecraft:raw_iron":16,"minecraft:porkchop":1,"minecraft:sand":20,"minecraft:spruce_log":9,"minecraft:arrow":2,"minecraft:stone_axe":1,"minecraft:mutton":15,"minecraft:coal":51,"minecraft:cobblestone":155,"minecraft:white_wool":8}},"DataVersion":3955}