{"stats":{"minecraft:dropped":{"minecraft:iron_ingot":10,"minecraft:brown_mushroom":1,"minecraft:wheat_seeds":3,"minecraft:diamond":8,"minecraft:amethyst_block":5,"minecraft:coal":4,"minecraft:golden_apple":1,"minecraft:flint":2,"minecraft:dirt":8,"minecraft:blue_dye":1,"minecraft:diorite":1,"minecraft:wooden_axe":1,"minecraft:wooden_sword":3,"minecraft:iron_pickaxe":3,"minecraft:gravel":5,"minecraft:stone_axe":1,"minecraft:cobbled_deepslate":192,"minecraft:pointed_dripstone":12,"minecraft:rotten_flesh":2,"minecraft:spider_eye":1,"minecraft:stone_pickaxe":3,"minecraft:wooden_pickaxe":1},"minecraft:crafted":{"minecraft:oak_planks":28,"minecraft:furnace":2,"minecraft:cooked_mutton":15,"minecraft:diamond_helmet":1,"minecraft:diamond_leggings":1,"minecraft:stone_pickaxe":2,"minecraft:diamond_boots":1,"minecraft:smoker":1,"minecraft:cooked_porkchop":3,"minecraft:diamond_axe":1,"minecraft:crafting_table":3,"minecraft:spruce_planks":24,"minecraft:wooden_pickaxe":1,"minecraft:birch_planks":8,"minecraft:stone_axe":1,"minecraft:air":0,"minecraft:diamond_pickaxe":1,"minecraft:shield":1,"minecraft:stick":24,"minecraft:iron_ingot":26,"minecraft:iron_pickaxe":2,"minecraft:wooden_axe":1,"minecraft:white_bed":1,"minecraft:torch":28,"minecraft:diamond_chestplate":1},"minecraft:custom":{"minecraft:mob_kills":18,"minecraft:interact_with_crafting_table":44,"minecraft:leave_game":3,"minecraft:time_since_death":139725,"minecraft:sprint_one_cm":902342,"minecraft:walk_one_cm":840262,"minecraft:damage_blocked_by_shield":461,"minecraft:drop":54,"minecraft:play_time":167123,"minecraft:deaths":3,"minecraft:sneak_time":2086,"minecraft:walk_under_water_one_cm":22447,"minecraft:jump":1089,"minecraft:walk_on_water_one_cm":9582,"minecraft:total_world_time":167123,"minecraft:interact_with_furnace":39,"minecraft:sleep_in_bed":7,"minecraft:time_since_rest":15549,"minecraft:damage_taken":1076,"minecraft:damage_dealt":2246,"minecraft:swim_one_cm":11653,"minecraft:fly_one_cm":156223,"minecraft:open_chest":3,"minecraft:crouch_one_cm":10096,"minecraft:interact_with_smoker":19,"minecraft:fall_one_cm":469},"minecraft:broken":{"minecraft:stone_pickaxe":1,"minecraft:iron_pickaxe":1},"minecraft:used":{"minecraft:shield":11,"minecraft:torch":28,"minecraft:dirt":20,"minecraft:diamond_helmet":1,"minecraft:wooden_axe":16,"minecraft:diamond_chestplate":1,"minecraft:bow":1,"minecraft:sweet_berries":11,"minecraft:furnace":5,"minecraft:cobbled_deepslate":1,"minecraft:pointed_dripstone":3,"minecraft:cooked_mutton":10,"minecraft:diorite":14,"minecraft:diamond_boots":1,"minecraft:stone_pickaxe":131,"minecraft:oak_planks":11,"minecraft:wooden_pickaxe":7,"minecraft:diamond_axe":5,"minecraft:white_wool":1,"minecraft:sand":20,"minecraft:crafting_table":12,"minecraft:white_bed":8,"minecraft:smoker":4,"minecraft:diamond_pickaxe":448,"minecraft:iron_pickaxe":421,"minecraft:stone_axe":57,"minecraft:cobblestone":126,"minecraft:cooked_porkchop":3,"minecraft:andesite":1,"minecraft:diamond_leggings":1},"minecraft:mined":{"minecraft:tuff":68,"minecraft:white_bed":8,"minecraft:deepslate_diamond_ore":63,"minecraft:granite":14,"minecraft:budding_amethyst":1,"minecraft:grass_block":6,"minecraft:spruce_leaves":9,"minecraft:furnace":5,"minecraft:iron_ore":26,"minecraft:cobbled_deepslate":1,"minecraft:andesite":1,"minecraft:pointed_dripstone":1,"minecraft:stone":310,"minecraft:podzol":1,"minecraft:brown_mushroom":1,"minecraft:smoker":3,"minecraft:crafting_table":11,"minecraft:short_grass":40,"minecraft:calcite":5,"minecraft:cobblestone":35,"minecraft:sugar_cane":4,"minecraft:diorite":15,"minecraft:amethyst_block":5,"minecraft:birch_log":6,"minecraft:sweet_berry_bush":7,"minecraft:spruce_log":10,"minecraft:birch_leaves":3,"minecraft:coal_ore":76,"minecraft:oak_log":21,"minecraft:dirt":8,"minecraft:sand":20,"minecraft:gravel":3,"minecraft:smooth_basalt":3,"minecraft:fern":3,"minecraft:oak_leaves":3,"minecraft:deepslate":362},"minecraft:killed":{"minecraft:spider":1,"minecraft:skeleton":5,"minecraft:wolf":1,"minecraft:pig":2,"minecraft:sheep":8,"minecraft:zombie":1},"minecraft:picked_up":{"minecraft:wooden_axe":1,"minecraft:crafting_table":11,"minecraft:brown_mushroom":1,"minecraft:amethyst_block":10,"minecraft:string":2,"minecraft:wooden_sword":3,"minecraft:cobbled_deepslate":385,"minecraft:spruce_planks":7,"minecraft:calcite":5,"minecraft:iron_pickaxe":2,"minecraft:sugar_cane":10,"minecraft:furnace":5,"minecraft:raw_iron":26,"minecraft:stick":1,"minecraft:porkchop":3,"minecraft:pointed_dripstone":15,"minecraft:diorite":15,"minecraft:arrow":7,"minecraft:rotten_flesh":3,"minecraft:blue_dye":1,"minecraft:mutton":15,"minecraft:white_wool":10,"minecraft:cobblestone":338,"minecraft:birch_log":6,"minecraft:andesite":1,"minecraft:smoker":3,"minecraft:flint":2,"minecraft:tuff":64,"minecraft:oak_log":21,"minecraft:dirt":28,"minecraft:bone":5,"minecraft:bow":1,"minecraft:wheat_seeds":5,"minecraft:stone_pickaxe":2,"minecraft:smooth_basalt":3,"minecraft:sweet_berries":11,"minecraft:gravel":10,"minecraft:sand":20,"minecraft:white_bed":8,"minecraft:spruce_log":10,"minecraft:spider_eye":1,"minecraft:diamond":65,"minecraft:stone_axe":1,"minecraft:granite":16,"minecraft:coal":125,"minecraft:ender_pearl":1}},"DataVersion":3955}