{"stats":{"minecraft:dropped":{"minecraft:stone_axe":1,"minecraft:brown_mushroom":1,"minecraft:wheat_seeds":3,"minecraft:rotten_flesh":2,"minecraft:wooden_pickaxe":1,"minecraft:stone_pickaxe":3,"minecraft:iron_pickaxe":1},"minecraft:crafted":{"minecraft:oak_planks":24,"minecraft:cooked_porkchop":3,"minecraft:crafting_table":3,"minecraft:spruce_planks":24,"minecraft:wooden_pickaxe":1,"minecraft:furnace":2,"minecraft:birch_planks":8,"minecraft:stone_axe":1,"minecraft:cooked_mutton":15,"minecraft:air":0,"minecraft:shield":1,"minecraft:stick":16,"minecraft:iron_ingot":7,"minecraft:iron_pickaxe":2,"minecraft:stone_pickaxe":2,"minecraft:wooden_axe":1,"minecraft:white_bed":1,"minecraft:torch":4,"minecraft:smoker":1},"minecraft:custom":{"minecraft:interact_with_furnace":23,"minecraft:mob_kills":12,"minecraft:interact_with_crafting_table":27,"minecraft:leave_game":3,"minecraft:time_since_death":79725,"minecraft:sleep_in_bed":4,"minecraft:time_since_rest":4282,"minecraft:sprint_one_cm":581813,"minecraft:damage_taken":942,"minecraft:walk_one_cm":641007,"minecraft:damage_blocked_by_shield":123,"minecraft:drop":12,"minecraft:damage_dealt":1248,"minecraft:swim_one_cm":11653,"minecraft:fly_one_cm":89784,"minecraft:crouch_one_cm":4822,"minecraft:play_time":107123,"minecraft:deaths":3,"minecraft:sneak_time":1336,"minecraft:walk_under_water_one_cm":22376,"minecraft:jump":608,"minecraft:walk_on_water_one_cm":3839,"minecraft:interact_with_smoker":13,"minecraft:total_world_time":107123},"minecraft:broken":{"minecraft:stone_pickaxe":1,"minecraft:iron_pickaxe":1},"minecraft:used":{"minecraft:cooked_mutton":4,"minecraft:diorite":5,"minecraft:stone_pickaxe":131,"minecraft:oak_planks":11,"minecraft:shield":2,"minecraft:wooden_pickaxe":7,"minecraft:white_wool":1,"minecraft:torch":1,"minecraft:dirt":9,"minecraft:sand":20,"minecraft:crafting_table":8,"minecraft:white_bed":3,"minecraft:smoker":2,"minecraft:wooden_axe":16,"minecraft:iron_pickaxe":250,"minecraft:stone_axe":28,"minecraft:cobblestone":126,"minecraft:sweet_berries":11,"minecraft:furnace":4,"minecraft:andesite":1},"minecraft:mined":{"minecraft:podzol":1,"minecraft:brown_mushroom":1,"minecraft:white_bed":3,"minecraft:deepslate_diamond_ore":2,"minecraft:smoker":2,"minecraft:crafting_table":7,"minecraft:granite":14,"minecraft:short_grass":17,"minecraft:grass_block":5,"minecraft:cobblestone":12,"minecraft:spruce_leaves":9,"minecraft:diorite":5,"minecraft:furnace":4,"minecraft:birch_log":6,"minecraft:iron_ore":26,"minecraft:sweet_berry_bush":7,"minecraft:spruce_log":10,"minecraft:andesite":1,"minecraft:birch_leaves":3,"minecraft:oak_log":6,"minecraft:coal_ore":51,"minecraft:sand":20,"minecraft:dirt":5,"minecraft:stone":251,"minecraft:oak_leaves":2,"minecraft:deepslate":14,"minecraft:fern":3},"minecraft:killed":{"minecraft:wolf":1,"minecraft:pig":2,"minecraft:skeleton":1,"minecraft:sheep":8},"minecraft:picked_up":{"minecraft:birch_log":6,"minecraft:crafting_table":7,"minecraft:andesite":1,"minecraft:brown_mushroom":1,"minecraft:smoker":2,"minecraft:oak_log":6,"minecraft:dirt":10,"minecraft:bone":2,"minecraft:wheat_seeds":3,"minecraft:cobbled_deepslate":14,"minecraft:spruce_planks":7,"minecraft:stone_pickaxe":2,"minecraft:iron_pickaxe":1,"minecraft:furnace":4,"minecraft:stick":1,"minecraft:raw_iron":26,"minecraft:sweet_berries":11,"minecraft:sand":20,"minecraft:porkchop":3,"minecraft:diorite":5,"minecraft:white_bed":3,"minecraft:spruce_log":10,"minecraft:arrow":2,"minecraft:rotten_flesh":2,"minecraft:diamond":2,"minecraft:stone_axe":1,"minecraft:granite":14,"minecraft:mutton":15,"minecraft:cobblestone":259,"minecraft:coal":100,"minecraft:white_wool":8,"minecraft:ender_pearl":1}},"DataVersion":3955}