{"stats":{"minecraft:dropped":{"minecraft:iron_ingot":10,"minecraft:brown_mushroom":1,"minecraft:wheat_seeds":3,"minecraft:golden_pickaxe":1,"minecraft:diamond":8,"minecraft:golden_axe":1,"minecraft:amethyst_block":5,"minecraft:coal":4,"minecraft:golden_apple":1,"minecraft:stick":1,"minecraft:flint":2,"minecraft:dirt":8,"minecraft:blue_dye":2,"minecraft:diorite":1,"minecraft:wooden_axe":2,"minecraft:wooden_sword":3,"minecraft:iron_pickaxe":3,"minecraft:gravel":5,"minecraft:stone_axe":2,"minecraft:sweet_berries":1,"minecraft:cobbled_deepslate":192,"minecraft:pointed_dripstone":12,"minecraft:rotten_flesh":4,"minecraft:spider_eye":1,"minecraft:spruce_log":1,"minecraft:stone_pickaxe":3,"minecraft:wooden_pickaxe":1},"minecraft:crafted":{"minecraft:oak_planks":32,"minecraft:furnace":2,"minecraft:cooked_mutton":15,"minecraft:diamond_helmet":1,"minecraft:diamond_leggings":1,"minecraft:stone_pickaxe":2,"minecraft:diamond_boots":1,"minecraft:smoker":1,"minecraft:cooked_porkchop":3,"minecraft:diamond_axe":1,"minecraft:crafting_table":3,"minecraft:spruce_planks":24,"minecraft:wooden_pickaxe":1,"minecraft:smithing_table":1,"minecraft:birch_planks":8,"minecraft:stone_axe":1,"minecraft:air":0,"minecraft:diamond_pickaxe":1,"minecraft:shield":1,"minecraft:stick":24,"minecraft:iron_ingot":26,"minecraft:iron_pickaxe":2,"minecraft:wooden_axe":1,"minecraft:white_bed":1,"minecraft:torch":28,"minecraft:diamond_chestplate":1},"minecraft:custom":{"minecraft:interact_with_smithing_table":3,"minecraft:mob_kills":19,"minecraft:interact_with_crafting_table":47,"minecraft:leave_game":3,"minecraft:time_since_death":163725,"minecraft:sprint_one_cm":1058761,"minecraft:walk_one_cm":971086,"minecraft:damage_blocked_by_shield":461,"minecraft:drop":64,"minecraft:talked_to_villager":23,"minecraft:play_time":191123,"minecraft:deaths":3,"minecraft:sneak_time":2704,"minecraft:walk_under_water_one_cm":22447,"minecraft:jump":1319,"minecraft:walk_on_water_one_cm":9759,"minecraft:total_world_time":191123,"minecraft:interact_with_furnace":39,"minecraft:sleep_in_bed":9,"minecraft:time_since_rest":6747,"minecraft:damage_taken":1172,"minecraft:damage_dealt":3346,"minecraft:swim_one_cm":11653,"minecraft:fly_one_cm":177970,"minecraft:open_chest":5,"minecraft:crouch_one_cm":13226,"minecraft:interact_with_smoker":19,"minecraft:fall_one_cm":1030},"minecraft:broken":{"minecraft:stone_pickaxe":1,"minecraft:iron_pickaxe":1},"minecraft:used":{"minecraft:flint_and_steel":1,"minecraft:shield":11,"minecraft:torch":28,"minecraft:dirt":20,"minecraft:diamond_helmet":1,"minecraft:tuff":18,"minecraft:spruce_fence":1,"minecraft:wooden_axe":16,"minecraft:smooth_basalt":3,"minecraft:diamond_chestplate":1,"minecraft:bow":1,"minecraft:sweet_berries":17,"minecraft:furnace":5,"minecraft:cobbled_deepslate":46,"minecraft:pointed_dripstone":4,"minecraft:cooked_mutton":13,"minecraft:diorite":14,"minecraft:diamond_boots":1,"minecraft:stone_pickaxe":131,"minecraft:oak_planks":11,"minecraft:wooden_pickaxe":7,"minecraft:diamond_axe":19,"minecraft:white_wool":1,"minecraft:golden_apple":1,"minecraft:sand":20,"minecraft:crafting_table":12,"minecraft:white_bed":10,"minecraft:spruce_log":1,"minecraft:smoker":4,"minecraft:diamond_pickaxe":493,"minecraft:iron_pickaxe":421,"minecraft:spruce_sapling":10,"minecraft:stone_axe":58,"minecraft:cobblestone":129,"minecraft:cooked_porkchop":3,"minecraft:smithing_table":1,"minecraft:andesite":1,"minecraft:diamond_leggings":1},"minecraft:mined":{"minecraft:tuff":68,"minecraft:white_bed":9,"minecraft:deepslate_diamond_ore":63,"minecraft:granite":17,"minecraft:budding_amethyst":1,"minecraft:spruce_fence":1,"minecraft:grass_block":7,"minecraft:spruce_leaves":75,"minecraft:large_fern":4,"minecraft:furnace":5,"minecraft:iron_ore":26,"minecraft:cobbled_deepslate":1,"minecraft:andesite":3,"minecraft:pointed_dripstone":2,"minecraft:stone":344,"minecraft:podzol":1,"minecraft:brown_mushroom":1,"minecraft:smoker":3,"minecraft:crafting_table":11,"minecraft:short_grass":40,"minecraft:calcite":5,"minecraft:cobblestone":38,"minecraft:sugar_cane":4,"minecraft:diorite":15,"minecraft:amethyst_block":5,"minecraft:birch_log":6,"minecraft:sweet_berry_bush":12,"minecraft:spruce_log":11,"minecraft:birch_leaves":3,"minecraft:coal_ore":76,"minecraft:oak_log":21,"minecraft:dirt":9,"minecraft:sand":20,"minecraft:gravel":3,"minecraft:smooth_basalt":3,"minecraft:fern":6,"minecraft:oak_leaves":3,"minecraft:deepslate":362},"minecraft:killed":{"minecraft:spider":1,"minecraft:skeleton":5,"minecraft:wolf":1,"minecraft:pig":2,"minecraft:iron_golem":1,"minecraft:sheep":8,"minecraft:zombie":1},"minecraft:picked_up":{"minecraft:wooden_axe":1,"minecraft:crafting_table":11,"minecraft:brown_mushroom":1,"minecraft:amethyst_block":10,"minecraft:string":2,"minecraft:wooden_sword":3,"minecraft:cobbled_deepslate":386,"minecraft:spruce_planks":7,"minecraft:calcite":5,"minecraft:poppy":2,"minecraft:iron_pickaxe":2,"minecraft:sugar_cane":10,"minecraft:furnace":5,"minecraft:raw_iron":26,"minecraft:stick":7,"minecraft:spruce_fence":1,"minecraft:porkchop":3,"minecraft:pointed_dripstone":16,"minecraft:diorite":15,"minecraft:arrow":7,"minecraft:rotten_flesh":4,"minecraft:blue_dye":2,"minecraft:mutton":15,"minecraft:white_wool":10,"minecraft:cobblestone":374,"minecraft:birch_log":6,"minecraft:andesite":3,"minecraft:smoker":3,"minecraft:flint":2,"minecraft:tuff":64,"minecraft:oak_log":21,"minecraft:dirt":28,"minecraft:bone":5,"minecraft:bow":1,"minecraft:wheat_seeds":5,"minecraft:iron_ingot":4,"minecraft:stone_pickaxe":2,"minecraft:smooth_basalt":3,"minecraft:sweet_berries":18,"minecraft:gravel":10,"minecraft:sand":20,"minecraft:spruce_sapling":11,"minecraft:white_bed":9,"minecraft:spruce_log":12,"minecraft:spider_eye":1,"minecraft:diamond":65,"minecraft:stone_axe":1,"minecraft:granite":19,"minecraft:coal":125,"minecraft:ender_pearl":1}},"DataVersion":3955}