{"stats":{"minecraft:crafted":{"minecraft:oak_planks":20,"minecraft:crafting_table":1},"minecraft:custom":{"minecraft:time_since_rest":5365,"minecraft:crouch_one_cm":594,"minecraft:play_time":32736,"minecraft:sprint_one_cm":490060,"minecraft:deaths":3,"minecraft:damage_taken":877,"minecraft:walk_one_cm":498087,"minecraft:sneak_time":257,"minecraft:walk_under_water_one_cm":21754,"minecraft:jump":235,"minecraft:damage_dealt":218,"minecraft:leave_game":2,"minecraft:walk_on_water_one_cm":1369,"minecraft:time_since_death":5338,"minecraft:total_world_time":32736,"minecraft:swim_one_cm":11653,"minecraft:fly_one_cm":48863},"minecraft:used":{"minecraft:sand":20,"minecraft:oak_planks":11},"minecraft:mined":{"minecraft:short_grass":3,"minecraft:oak_log":5,"minecraft:sand":20,"minecraft:oak_leaves":2},"minecraft:picked_up":{"minecraft:sand":20,"minecraft:oak_log":5}},"DataVersion":3955}