{"minecraft:recipes/transportation/mangrove_boat":{"criteria":{"in_water":"2024-09-22 00:06:56 +0000"},"done":true},"minecraft:recipes/decorations/crafting_table":{"criteria":{"unlock_right_away":"2024-09-22 00:05:32 +0000"},"done":true},"minecraft:recipes/transportation/acacia_boat":{"criteria":{"in_water":"2024-09-22 00:06:56 +0000"},"done":true},"minecraft:recipes/transportation/cherry_boat":{"criteria":{"in_water":"2024-09-22 00:06:56 +0000"},"done":true},"minecraft:adventure/adventuring_time":{"criteria":{"minecraft:old_growth_birch_forest":"2024-09-22 00:07:16 +0000","minecraft:beach":"2024-09-22 00:05:55 +0000","minecraft:dark_forest":"2024-09-22 00:05:33 +0000","minecraft:ocean":"2024-09-22 00:07:31 +0000","minecraft:river":"2024-09-22 00:06:56 +0000","minecraft:old_growth_spruce_taiga":"2024-09-22 00:10:12 +0000"},"done":false},"minecraft:recipes/transportation/bamboo_raft":{"criteria":{"in_water":"2024-09-22 00:06:56 +0000"},"done":true},"minecraft:recipes/transportation/spruce_boat":{"criteria":{"in_water":"2024-09-22 00:06:56 +0000"},"done":true},"minecraft:recipes/transportation/birch_boat":{"criteria":{"in_water":"2024-09-22 00:06:56 +0000"},"done":true},"minecraft:recipes/transportation/oak_boat":{"criteria":{"in_water":"2024-09-22 00:06:56 +0000"},"done":true},"minecraft:recipes/transportation/jungle_boat":{"criteria":{"in_water":"2024-09-22 00:06:56 +0000"},"done":true},"minecraft:recipes/transportation/dark_oak_boat":{"criteria":{"in_water":"2024-09-22 00:06:56 +0000"},"done":true},"DataVersion":3955}